VENDEDOR,SERIE,ORDEN_ID,FECHA_ORDEN,TIPO_CARROCERIA,UNIDAD,MEDIDA_EXTERIOR_LARGO,MEDIDA_EXTERIOR_ANCHO,MEDIDA_EXTERIOR_ALTO,MEDIDA_EXTERIOR_COPETE,VOLUMEN,DIAS_FABRICACION,INDICADOR_PRODUCCION,FECHA_COMPROMISO_PLANEACION,FECHA_COMPROMISO_REAL,ESTADO_ORDEN,DIAS_FABRICACION_DESARROLLO_MAQUINADO,DIAS_FABRICACION_ARMADO,DIAS_FABRICACION_FORRADO,DIAS_FABRICACION_INSULADO,DIAS_FABRICACION_PINTURA,DIAS_FABRICACION_PISOS,DIAS_FABRICACION_PINTURA,PESO_TONELADAS,FECHA_PLANEACION_DESARROLLO_MAQUINADO,FECHA_INICIO_DESARROLLO_MAQUINADO,ESTADO_DESARROLLO_MAQUINADO,FECHA_PLANEACION_SOLDADURA_ARMADO,FECHA_INICIO_SOLDADURA_ARMADO,ESTADO_SOLDADURA_ARMADO,FECHA_PLANEACION_FORRADO,FECHA_INICIO_FORRADO,ESTADO_FORRADO,FECHA_PLANEACION_INSULADO,FECHA_INICIO_INSULADO,ESTADO_INSULADO,FECHA_PLANEACION_PINTURA_STD,FECHA_INICIO_PINTURA_STD,ESTADO_PINTURA_STD,FECHA_PLANEACION_PISOS,FECHA_INICIO_PISOS,ESTADO_PISOS,FECHA_PLANEACION_PINTURA_ESP,FECHA_INICIO_PINTURA_ESP,ESTADO_PINTURA_ESP,FECHA_PLANEACION_ENVIO_CARROCERIA,FECHA_EMBARQUE_CARROCERIA,ESTADO_ENVIO_CARROCERIA,ESPECIALES_PRODUCCION,ESPECIALES_INSTALACIONES,VERIFICACION
MV,PLCR3311,ECATEPEC-235,16/10/2023,REDILA CERRADA FIJA,NP300,2.5,1.85,1.7,,7.86,9,18,07/11/2023,27/10/2023,A TIEMPO,1,2,2,1,1,1,1,164,26/10/2023,24/10/2023,A TIEMPO,27/10/2023,24/10/2023,A TIEMPO,29/10/2023,26/10/2023,A TIEMPO,31/10/2023,,SIN CAPTURA,01/11/2023,26/10/2023,A TIEMPO,02/11/2023,,SIN CAPTURA,03/11/2023,,SIN CAPTURA,04/11/2023,24/10/2023,A TIEMPO,STD,STD,VERDADERO
CV,PLCS3312,ECATEPEC-238,16/10/2023,CAJA SECA CUADRADA,NP300,2.5,1.85,1.7,,7.86,9,18,07/11/2023,07/11/2023,OK,1,2,2,1,1,1,1,288,26/10/2023,24/10/2022,A TIEMPO,27/10/2023,26/10/2023,A TIEMPO,29/10/2023,31/10/2023,RETRASO,31/10/2023,,SIN CAPTURA,01/11/2023,06/11/2023,RETRASO,02/11/2023,,SIN CAPTURA,03/11/2023,,SIN CAPTURA,04/11/2023,06/11/2023,RETRASO,FORRO INTERIOR DE LINER PANEL,STD,VERDADERO
JP,PLCT3313,JF1710231,17/10/2023,"CAJA REFRIGERADA 3""",NP300,2.5,1.85,1.7,,7.86,9,18,08/11/2023,,SIN CAPTURA,1,2,2,1,1,1,1,267,27/10/2023,23/10/2023,A TIEMPO,28/10/2023,10/11/2023,RETRASO,30/10/2023,21/11/2023,RETRASO,01/11/2023,21/11/2023,RETRASO,02/11/2023,,SIN CAPTURA,03/11/2023,,SIN CAPTURA,04/11/2023,,SIN CAPTURA,05/11/2023,08/12/2023,RETRASO,CASCO MARCA COLIN,STD,FALSO
JP,PLCT3314,JF1710231,17/10/2023,"CAJA REFRIGERADA 3""",NP300,2.5,1.85,1.7,,7.86,9,18,08/11/2023,,SIN CAPTURA,1,2,2,1,1,1,1,267,27/10/2023,23/10/2023,A TIEMPO,28/10/2023,15/11/2023,RETRASO,30/10/2023,22/11/2023,RETRASO,01/11/2023,,SIN CAPTURA,02/11/2023,,SIN CAPTURA,03/11/2023,,SIN CAPTURA,04/11/2023,,SIN CAPTURA,05/11/2023,,SIN CAPTURA,CASCO MARCA COLIN,STD,FALSO
SG,PLCT3315,ECATEPEC-241,19/10/2023,"CAJA TERMICA 4""",FREIGHLINER,3.33,2.07,1.8,,12.41,9,18,10/11/2023,,SIN CAPTURA,1,2,2,1,1,1,1,500,29/10/2023,23/10/2023,A TIEMPO,30/10/2023,,SIN CAPTURA,01/11/2023,,SIN CAPTURA,03/11/2023,,SIN CAPTURA,04/11/2023,,SIN CAPTURA,05/11/2023,,SIN CAPTURA,06/11/2023,,SIN CAPTURA,07/11/2023,,SIN CAPTURA,CANCELADA,CANCELADA,VERDADERO
MV,PLCS3316,ECATEPEC-243,20/10/2023,CAJA SECA CUADRADA,NP300,2.5,1.85,1.7,,7.86,9,18,11/11/2023,17/11/2023,RETRASO,1,2,2,1,1,1,1,288,30/10/2023,23/10/2023,A TIEMPO,31/10/2023,07/11/2023,RETRASO,02/11/2023,15/11/2023,RETRASO,04/11/2023,,SIN CAPTURA,05/11/2023,,SIN CAPTURA,06/11/2023,,SIN CAPTURA,07/11/2023,,SIN CAPTURA,08/11/2023,16/11/2023,RETRASO,STD,REFUERZO DE MUELLES DOS HOJAS POR LADO,VERDADERO
SG,PLCR3317,ECATEPEC-250,23/10/2023,REDILA CLAREADA DESMONTABLE,NP300,2.5,1.85,1,,4.63,9,18,14/11/2023,17/11/2023,RETRASO,1,2,2,1,1,1,1,163,02/11/2023,25/10/2023,A TIEMPO,03/11/2023,09/11/2023,RETRASO,05/11/2023,15/11/2023,RETRASO,07/11/2023,,SIN CAPTURA,08/11/2023,15/11/2023,RETRASO,09/11/2023,,SIN CAPTURA,10/11/2023,,SIN CAPTURA,11/11/2023,16/11/2023,RETRASO,"Redila de madera abierta desmontable, con
piso de madera y cintillas de arrastre
",STD,VERDADERO
MV,PLCS3318,ECATEPEC-252,24/10/2023,CAJA SECA CON COPETE,NP300,2.5,1.85,1.7,1,8.91,9,18,15/11/2023,22/11/2023,RETRASO,1,2,2,1,1,1,1,314,03/11/2023,25/10/2023,A TIEMPO,04/11/2023,09/11/2023,RETRASO,06/11/2023,17/11/2023,RETRASO,08/11/2023,,SIN CAPTURA,09/11/2023,18/11/2023,RETRASO,10/11/2023,,SIN CAPTURA,11/11/2023,,SIN CAPTURA,12/11/2023,22/11/2023,RETRASO,SIN PLAFONERA,RAMPA OCULTA MARCA RAMHSA CAPACIDAD 500 KG A 750 KG Y REFUERZO DE MUELLES 2 HOJAS POR LADO,VERDADERO
EXHIBICION,PLCS3319,ECATEPEC-259,26/10/2023,CAJA SECA CON COPETE,NP300,2.5,1.85,1.7,1,8.91,9,18,17/11/2023,13/11/2023,A TIEMPO,1,2,2,1,1,1,1,332,05/11/2023,26/10/2023,A TIEMPO,06/11/2023,04/11/2023,A TIEMPO,08/11/2023,10/11/2023,RETRASO,10/11/2023,,SIN CAPTURA,11/11/2023,11/11/2023,OK,12/11/2023,,SIN CAPTURA,13/11/2023,,SIN CAPTURA,14/11/2023,13/11/2023,A TIEMPO,STD,STD,VERDADERO
EXHIBICION,PLCS3320,ECATEPEC-259,26/10/2023,CAJA SECA CON COPETE,NP300,2.5,1.85,1.7,1,8.91,9,18,17/11/2023,,SIN CAPTURA,1,2,2,1,1,1,1,332,05/11/2023,26/10/2023,A TIEMPO,06/11/2023,,SIN CAPTURA,08/11/2023,,SIN CAPTURA,10/11/2023,,SIN CAPTURA,11/11/2023,,SIN CAPTURA,12/11/2023,,SIN CAPTURA,13/11/2023,,SIN CAPTURA,14/11/2023,,SIN CAPTURA,STD,STD,FALSO
EXHIBICION,PLCS3321,ECATEPEC-259,26/10/2023,CAJA SECA CON COPETE,NP300,2.5,1.85,1.7,1,8.91,9,18,17/11/2023,,SIN CAPTURA,1,2,2,1,1,1,1,332,05/11/2023,26/10/2023,A TIEMPO,06/11/2023,,SIN CAPTURA,08/11/2023,,SIN CAPTURA,10/11/2023,,SIN CAPTURA,11/11/2023,,SIN CAPTURA,12/11/2023,,SIN CAPTURA,13/11/2023,,SIN CAPTURA,14/11/2023,,SIN CAPTURA,STD,STD,FALSO
EXHIBICION,PLCS3322,ECATEPEC-259,26/10/2023,CAJA SECA CON COPETE,NP300,2.5,1.85,1.7,1,8.91,9,18,17/11/2023,,SIN CAPTURA,1,2,2,1,1,1,1,332,05/11/2023,28/10/2023,A TIEMPO,06/11/2023,,SIN CAPTURA,08/11/2023,,SIN CAPTURA,10/11/2023,,SIN CAPTURA,11/11/2023,,SIN CAPTURA,12/11/2023,,SIN CAPTURA,13/11/2023,,SIN CAPTURA,14/11/2023,,SIN CAPTURA,STD,STD,FALSO
EXHIBICION,PLCS3323,ECATEPEC-259,26/10/2023,CAJA SECA CON COPETE,NP300,2.5,1.85,1.7,1,8.91,9,18,17/11/2023,,SIN CAPTURA,1,2,2,1,1,1,1,332,05/11/2023,28/10/2023,A TIEMPO,06/11/2023,,SIN CAPTURA,08/11/2023,,SIN CAPTURA,10/11/2023,,SIN CAPTURA,11/11/2023,,SIN CAPTURA,12/11/2023,,SIN CAPTURA,13/11/2023,,SIN CAPTURA,14/11/2023,,SIN CAPTURA,STD,STD,FALSO
EXHIBICION,PLCS3324,ECATEPEC-259,26/10/2023,CAJA SECA CON COPETE,NP300,2.5,1.85,1.7,1,8.91,9,18,17/11/2023,,SIN CAPTURA,1,2,2,1,1,1,1,332,05/11/2023,28/10/2023,A TIEMPO,06/11/2023,,SIN CAPTURA,08/11/2023,,SIN CAPTURA,10/11/2023,,SIN CAPTURA,11/11/2023,,SIN CAPTURA,12/11/2023,,SIN CAPTURA,13/11/2023,,SIN CAPTURA,14/11/2023,,SIN CAPTURA,STD,STD,FALSO
EXHIBICION,PLCS3325,ECATEPEC-259,26/10/2023,CAJA SECA CON COPETE,NP300,2.5,1.85,1.7,1,8.91,9,18,17/11/2023,,SIN CAPTURA,1,2,2,1,1,1,1,332,05/11/2023,08/11/2023,RETRASO,06/11/2023,,SIN CAPTURA,08/11/2023,,SIN CAPTURA,10/11/2023,,SIN CAPTURA,11/11/2023,,SIN CAPTURA,12/11/2023,,SIN CAPTURA,13/11/2023,,SIN CAPTURA,14/11/2023,,SIN CAPTURA,STD,STD,FALSO
EXHIBICION,PLCS3326,ECATEPEC-259,26/10/2023,CAJA SECA CON COPETE,NP300,2.5,1.85,1.7,1,8.91,9,18,17/11/2023,,SIN CAPTURA,1,2,2,1,1,1,1,332,05/11/2023,08/11/2023,RETRASO,06/11/2023,,SIN CAPTURA,08/11/2023,,SIN CAPTURA,10/11/2023,,SIN CAPTURA,11/11/2023,,SIN CAPTURA,12/11/2023,,SIN CAPTURA,13/11/2023,,SIN CAPTURA,14/11/2023,,SIN CAPTURA,STD,STD,FALSO
EXHIBICION,PLCS3327,ECATEPEC-259,26/10/2023,CAJA SECA CON COPETE,NP300,2.5,1.85,1.7,1,8.91,9,18,17/11/2023,,SIN CAPTURA,1,2,2,1,1,1,1,332,05/11/2023,08/11/2023,RETRASO,06/11/2023,,SIN CAPTURA,08/11/2023,,SIN CAPTURA,10/11/2023,,SIN CAPTURA,11/11/2023,,SIN CAPTURA,12/11/2023,,SIN CAPTURA,13/11/2023,,SIN CAPTURA,14/11/2023,,SIN CAPTURA,STD,STD,FALSO
EXHIBICION,PLCS3328,ECATEPEC-259,26/10/2023,CAJA SECA CON COPETE,NP300,2.5,1.85,1.7,1,8.91,9,18,17/11/2023,,SIN CAPTURA,1,2,2,1,1,1,1,332,05/11/2023,08/11/2023,RETRASO,06/11/2023,,SIN CAPTURA,08/11/2023,,SIN CAPTURA,10/11/2023,,SIN CAPTURA,11/11/2023,,SIN CAPTURA,12/11/2023,,SIN CAPTURA,13/11/2023,,SIN CAPTURA,14/11/2023,,SIN CAPTURA,STD,STD,FALSO
DH,PLCS3329,ECATEPEC-263,26/10/2023,CAJA TIPO REFRESQUERA,ISUZU 300 E,3.35,2.1,1.8,,12.66,9,18,17/11/2023,,SIN CAPTURA,1,2,2,1,1,1,1,307,05/11/2023,31/10/2023,A TIEMPO,06/11/2023,17/11/2023,RETRASO,08/11/2023,,SIN CAPTURA,10/11/2023,,SIN CAPTURA,11/11/2023,,SIN CAPTURA,12/11/2023,,SIN CAPTURA,13/11/2023,,SIN CAPTURA,14/11/2023,08/12/2023,RETRASO,"Estructura: En acero al carbo?n manejando el calibre 14, en fri?o con perfil troquelado Largueros Tipo c "" de 6"" cl,12 Mampara Divisora de 160 mts Alto troquelada en perfil cl,14 colocada alo? Largo de la caja en la parte Central con 2 escalones por lado en PTR de 2x2 cl,14 Plafonera tipo cola de pato con 2 bases para porta diablos
PISO: Madera de pino traslapada 1ra de 1”, pijada a los puentes cargadores, con sobre Piso en la?mina Lisa calibre 14, con un desnivel en piso para la carga como se muestra en las ima?genes. PUERTAS: 2 Tipo cortina 2 por lado, fabricadas en Aluminio natural Extruido, con una chapa de seguridad por lado, instalada al frente de cada lateral. Con un espacio de marco de 135,ctms de Ancho por 1,60 de Alto claro principal de cortinas con manija de seguridad parte frontal",caja fuerte de seguridad con las siguientes caracteri?sticas 30x30 y 20 de fondo combinacio?n,FALSO
DH,PLCS3330,ECATEPEC-263,26/10/2023,CAJA TIPO REFRESQUERA,ISUZU 300 E,3.35,2.1,1.8,,12.66,9,18,17/11/2023,,SIN CAPTURA,1,2,2,1,1,1,1,307,05/11/2023,31/10/2023,A TIEMPO,06/11/2023,16/11/2023,RETRASO,08/11/2023,28/11/2023,RETRASO,10/11/2023,,SIN CAPTURA,11/11/2023,28/11/2023,RETRASO,12/11/2023,,SIN CAPTURA,13/11/2023,,SIN CAPTURA,14/11/2023,29/11/2023,RETRASO,"Estructura: En acero al carbo?n manejando el calibre 14, en fri?o con perfil troquelado Largueros Tipo c "" de 6"" cl,12 Mampara Divisora de 160 mts Alto troquelada en perfil cl,14 colocada alo? Largo de la caja en la parte Central con 2 escalones por lado en PTR de 2x2 cl,14 Plafonera tipo cola de pato con 2 bases para porta diablos
PISO: Madera de pino traslapada 1ra de 1”, pijada a los puentes cargadores, con sobre Piso en la?mina Lisa calibre 14, con un desnivel en piso para la carga como se muestra en las ima?genes. PUERTAS: 2 Tipo cortina 2 por lado, fabricadas en Aluminio natural Extruido, con una chapa de seguridad por lado, instalada al frente de cada lateral. Con un espacio de marco de 135,ctms de Ancho por 1,60 de Alto claro principal de cortinas con manija de seguridad parte frontal",caja fuerte de seguridad con las siguientes caracteri?sticas 30x30 y 20 de fondo combinacio?n,FALSO
MV,PLCR3331,ECATEPEC-260,27/10/2023,REDILA CERRADA FIJA,NP300,2.5,1.85,1,,4.63,9,18,18/11/2023,22/11/2023,RETRASO,1,2,2,1,1,1,1,160,06/11/2023,31/10/2023,A TIEMPO,07/11/2023,,SIN CAPTURA,09/11/2023,13/11/2023,RETRASO,11/11/2023,20/11/2023,RETRASO,12/11/2023,,SIN CAPTURA,13/11/2023,21/11/2023,RETRASO,14/11/2023,,SIN CAPTURA,15/11/2023,22/11/2023,RETRASO,STD,STD,VERDADERO
MV,PLCT3332,ECATEPEC-265,30/10/2023,"CAJA CUADRADA TERMICA 4""",NP300,2.5,1.85,1.7,,7.86,9,18,21/11/2023,24/11/2023,RETRASO,1,2,2,1,1,1,1,282,09/11/2023,28/10/2023,A TIEMPO,10/11/2023,03/11/2023,A TIEMPO,12/11/2023,04/11/2023,A TIEMPO,14/11/2023,07/11/2023,A TIEMPO,15/11/2023,23/11/2023,RETRASO,16/11/2023,,SIN CAPTURA,17/11/2023,,SIN CAPTURA,18/11/2023,24/11/2023,RETRASO,STD,EQUIPO DE REFRIGERACION MARCA HWA SUNG HT050 II PARA CONSERVACION CON MODULO DE CALOR,FALSO
MV,PLCT3333,ECATEPEC-265,30/10/2023,"CAJA CUADRADA TERMICA 4""",NP300,2.5,1.85,1.7,,7.86,9,18,21/11/2023,,SIN CAPTURA,1,2,2,1,1,1,1,282,09/11/2023,28/10/2023,A TIEMPO,10/11/2023,10/11/2023,OK,12/11/2023,15/11/2023,RETRASO,14/11/2023,21/11/2023,RETRASO,15/11/2023,24/11/2023,RETRASO,16/11/2023,,SIN CAPTURA,17/11/2023,,SIN CAPTURA,18/11/2023,25/11/2023,RETRASO,STD,EQUIPO DE REFRIGERACION MARCA HWA SUNG HT050 II PARA CONSERVACION CON MODULO DE CALOR,FALSO
MV,PLCT3334,ECATEPEC-265,30/10/2023,"CAJA CUADRADA TERMICA 4""",NP300,2.5,1.85,1.7,,7.86,9,18,21/11/2023,24/11/2023,RETRASO,1,2,2,1,1,1,1,282,09/11/2023,28/10/2023,A TIEMPO,10/11/2023,03/11/2023,A TIEMPO,12/11/2023,04/11/2023,A TIEMPO,14/11/2023,07/11/2023,A TIEMPO,15/11/2023,23/11/2023,RETRASO,16/11/2023,,SIN CAPTURA,17/11/2023,,SIN CAPTURA,18/11/2023,24/11/2023,RETRASO,STD,STD,FALSO
MV,PLCR3335,ECATEPEC-266,30/10/2023,REDILA CLAREADA FIJA,NP300,2.5,1.85,1,,4.63,9,18,21/11/2023,,SIN CAPTURA,1,2,2,1,1,1,1,160,09/11/2023,31/10/2023,A TIEMPO,10/11/2023,16/11/2023,RETRASO,12/11/2023,,SIN CAPTURA,14/11/2023,,SIN CAPTURA,15/11/2023,24/11/2023,RETRASO,16/11/2023,,SIN CAPTURA,17/11/2023,,SIN CAPTURA,18/11/2023,25/11/2023,RETRASO,STD,STD,FALSO
MV,PLCS3336,ECATEPEC-269,30/10/2023,CAJA SECA CON COPETE,F350,5,2.53,2.6,1.3,35.74,13,26,29/11/2023,,SIN CAPTURA,2,3,3,1,2,1,1,668,13/11/2023,01/11/2023,A TIEMPO,15/11/2023,07/11/2023,A TIEMPO,18/11/2023,,SIN CAPTURA,21/11/2023,,SIN CAPTURA,22/11/2023,,SIN CAPTURA,24/11/2023,,SIN CAPTURA,25/11/2023,,SIN CAPTURA,26/11/2023,,SIN CAPTURA,CANCELADA,CANCELADA,FALSO
CV,PLCR3337,ECATEPEC-271,30/10/2023,REDILA CLAREADA FIJA,NP300,2.5,1.85,1,,4.63,9,18,21/11/2023,,SIN CAPTURA,1,2,2,1,1,1,1,160,09/11/2023,03/11/2023,A TIEMPO,10/11/2023,15/11/2023,RETRASO,12/11/2023,27/11/2023,RETRASO,14/11/2023,,SIN CAPTURA,15/11/2023,28/11/2023,RETRASO,16/11/2023,,SIN CAPTURA,17/11/2023,,SIN CAPTURA,18/11/2023,29/11/2023,RETRASO,STD,STD,FALSO
SG,PLCR3338,ECATEPEC-272,30/10/2023,REDILA MIXTA FIJA,NP300,2.5,1.85,1.1,,5.09,9,18,21/11/2023,,SIN CAPTURA,1,2,2,1,1,1,1,165,09/11/2023,03/11/2023,A TIEMPO,10/11/2023,13/11/2023,RETRASO,12/11/2023,09/11/2023,A TIEMPO,14/11/2023,21/11/2023,RETRASO,15/11/2023,,SIN CAPTURA,16/11/2023,,SIN CAPTURA,17/11/2023,,SIN CAPTURA,18/11/2023,22/11/2023,RETRASO,STD,STD,FALSO
MV,PLCT3339,ECATEPEC-273,30/10/2023,"CAJA CUADRADA TERMICA 3""",NP300,2.5,1.85,1.7,,7.86,9,18,21/11/2023,,SIN CAPTURA,1,2,2,1,1,1,1,267,09/11/2023,04/11/2023,A TIEMPO,10/11/2023,04/12/2023,RETRASO,12/11/2023,,SIN CAPTURA,14/11/2023,,SIN CAPTURA,15/11/2023,,SIN CAPTURA,16/11/2023,,SIN CAPTURA,17/11/2023,,SIN CAPTURA,18/11/2023,,SIN CAPTURA,STD,EQUIPO DE REFRIGERACION MARCA HWA SUNG HT050 PARA REFRIGERACION ,FALSO
LF,PLCS3340,ECATEPEC-279,31/10/2023,CAJA SECA CON COPETE,RAM 4000 P,3.5,2.42,2.2,,18.63,12,24,28/11/2023,22/11/2023,A TIEMPO,2,3,3,1,1,1,1,,13/11/2023,,SIN CAPTURA,15/11/2023,07/11/2023,A TIEMPO,18/11/2023,16/11/2023,A TIEMPO,21/11/2023,,SIN CAPTURA,22/11/2023,21/11/2023,A TIEMPO,23/11/2023,,SIN CAPTURA,24/11/2023,,SIN CAPTURA,25/11/2023,22/11/2023,A TIEMPO,STD,PUNTAS EN CHASIS,VERDADERO
MV,PLCS3341,ECATEPEC-283,02/11/2023,CAJA SECA CON COPETE,NP300,2.5,1.85,1.7,1,8.91,9,18,24/11/2023,,SIN CAPTURA,1,2,2,1,1,1,1,332,12/11/2023,06/11/2023,A TIEMPO,13/11/2023,17/11/2023,RETRASO,15/11/2023,28/11/2023,RETRASO,17/11/2023,,SIN CAPTURA,18/11/2023,28/11/2023,RETRASO,19/11/2023,,SIN CAPTURA,20/11/2023,,SIN CAPTURA,21/11/2023,29/11/2023,RETRASO,STD,STD,FALSO
MV,PLCR3342,ECATEPEC-285 ,03/11/2023,REDILA CERRADA FIJA,TOYOTA HILUX 2023,2.5,1.85,1,,4.63,9,18,25/11/2023,24/11/2023,A TIEMPO,1,2,2,1,1,1,1,163,13/11/2023,06/11/2023,A TIEMPO,14/11/2023,16/11/2023,RETRASO,16/11/2023,22/11/2023,RETRASO,18/11/2023,,SIN CAPTURA,19/11/2023,23/11/2023,RETRASO,20/11/2023,,SIN CAPTURA,21/11/2023,,SIN CAPTURA,22/11/2023,23/11/2023,RETRASO,STD,STD,FALSO
MV,PLCR3343,ECATEPEC-286,03/11/2023,REDILA CERRADA FIJA,NP300,2.5,1.85,1,,4.63,9,18,25/11/2023,,SIN CAPTURA,1,2,2,1,1,1,1,162,13/11/2023,06/11/2023,A TIEMPO,14/11/2023,24/11/2023,RETRASO,16/11/2023,27/11/2023,RETRASO,18/11/2023,,SIN CAPTURA,19/11/2023,27/11/2023,RETRASO,20/11/2023,,SIN CAPTURA,21/11/2023,,SIN CAPTURA,22/11/2023,29/11/2023,RETRASO,STD,REFUERZO DE MUELLES DOS HOJAS POR LADO,FALSO
MV,PLCS3344,ECATEPEC-287,06/11/2023,CAJA SECA CON COPETE,NP300,2.5,1.85,1.7,1,8.91,9,18,28/11/2023,,SIN CAPTURA,1,2,2,1,1,1,1,332,16/11/2023,06/11/2023,A TIEMPO,17/11/2023,21/11/2023,RETRASO,19/11/2023,,SIN CAPTURA,21/11/2023,,SIN CAPTURA,22/11/2023,,SIN CAPTURA,23/11/2023,,SIN CAPTURA,24/11/2023,,SIN CAPTURA,25/11/2023,,SIN CAPTURA,HUELLA DE ALUMINIO CENTRAL Y LATERALES,STD,FALSO
MV,PLCS3345,ECATEPEC-287,06/11/2023,CAJA SECA CON COPETE,NP300,2.5,1.85,1.7,1,8.91,9,18,28/11/2023,,SIN CAPTURA,1,2,2,1,1,1,1,332,16/11/2023,09/11/2023,A TIEMPO,17/11/2023,08/12/2023,RETRASO,19/11/2023,,SIN CAPTURA,21/11/2023,,SIN CAPTURA,22/11/2023,,SIN CAPTURA,23/11/2023,,SIN CAPTURA,24/11/2023,,SIN CAPTURA,25/11/2023,,SIN CAPTURA,HUELLA DE ALUMINIO CENTRAL Y LATERALES,STD,FALSO
MV,PLCS3346,ECATEPEC-288,06/11/2023,CAJA SECA CON COPETE,NP300,2.45,1.9,2.45,1.55,13.81,9,18,28/11/2023,,SIN CAPTURA,1,2,2,1,1,1,1,386,16/11/2023,09/11/2023,A TIEMPO,17/11/2023,14/11/2023,A TIEMPO,19/11/2023,20/11/2023,RETRASO,21/11/2023,,SIN CAPTURA,22/11/2023,24/11/2023,RETRASO,23/11/2023,,SIN CAPTURA,24/11/2023,,SIN CAPTURA,25/11/2023,25/11/2023,OK,RIEL LOGISTICO TIPO E 2 POR LADO,"ALARGADO Y ACORAZADO DE CHASIS, REFUERZO DE MUELLES 2 HOJAS POR LADO ",FALSO
MV,PLCS3347,ECATEPEC-290,07/11/2023,CAJA SECA CON COPETE,F450,5,2.5,2.2,1,29.33,13,26,07/12/2023,22/11/2023,A TIEMPO,2,3,3,1,2,1,1,668,21/11/2023,01/11/2023,A TIEMPO,23/11/2023,09/11/2023,A TIEMPO,26/11/2023,17/11/2023,A TIEMPO,29/11/2023,,SIN CAPTURA,30/11/2023,,SIN CAPTURA,02/12/2023,,SIN CAPTURA,03/12/2023,,SIN CAPTURA,04/12/2023,22/11/2023,A TIEMPO,"HUELLA DE ALUMINIO CENTRAL Y LATERALES, VENTANAS LATERALES 40 X 30 ",ALARGADO Y ACORAZADO DE CHASIS,VERDADERO
SG,PLCT3348,ECATEPEC-291,07/11/2023,"CAJA TERMICA TIPO LA LOMA 4""",ISUZU ELF 400H,3.33,1.95,1.64,,10.65,9,18,29/11/2023,,SIN CAPTURA,1,2,2,1,1,1,1,500,17/11/2023,14/11/2023,A TIEMPO,18/11/2023,20/11/2023,RETRASO,20/11/2023,25/11/2023,RETRASO,22/11/2023,,SIN CAPTURA,23/11/2023,,SIN CAPTURA,24/11/2023,,SIN CAPTURA,25/11/2023,,SIN CAPTURA,26/11/2023,08/12/2023,RETRASO,"Caja preparada para recibir equipo térmico, cuadro de acero inoxidable
y rieles logísticos de acero inoxidable,
zoclo tipo cierre, protección
de liner panel en cama, chapa de seguridad
galvanizada
CON UN CARGADOR EXTRA.",STD,FALSO
MV,PLCT3349,ECATEPEC-293,08/11/2023,"CAJA TERMICA 3""",TOYOTA HILUX 2023,2.5,1.85,1.7,,7.86,9,18,30/11/2023,,SIN CAPTURA,1,2,2,1,1,1,1,265,18/11/2023,14/11/2023,A TIEMPO,19/11/2023,01/12/2023,RETRASO,21/11/2023,,SIN CAPTURA,23/11/2023,,SIN CAPTURA,24/11/2023,,SIN CAPTURA,25/11/2023,,SIN CAPTURA,26/11/2023,,SIN CAPTURA,27/11/2023,,SIN CAPTURA,STD,STD,FALSO
MV,PLCT3350,ECATEPEC-293,08/11/2023,"CAJA TERMICA 3""",TOYOTA HILUX 2023,2.5,1.85,1.7,,7.86,9,18,30/11/2023,,SIN CAPTURA,1,2,2,1,1,1,1,265,18/11/2023,14/11/2023,A TIEMPO,19/11/2023,02/12/2023,RETRASO,21/11/2023,,SIN CAPTURA,23/11/2023,,SIN CAPTURA,24/11/2023,,SIN CAPTURA,25/11/2023,,SIN CAPTURA,26/11/2023,,SIN CAPTURA,27/11/2023,,SIN CAPTURA,STD,STD,FALSO
SG,PLCS3351,ECATEPEC-296,09/11/2023,CAJA SECA CUADRADA,NP300,2.5,1.85,1.65,,7.63,9,18,01/12/2023,,SIN CAPTURA,1,2,2,1,1,1,1,286,19/11/2023,14/11/2023,A TIEMPO,20/11/2023,24/11/2023,RETRASO,22/11/2023,27/11/2023,RETRASO,24/11/2023,,SIN CAPTURA,25/11/2023,28/11/2023,RETRASO,26/11/2023,,SIN CAPTURA,27/11/2023,,SIN CAPTURA,28/11/2023,29/11/2023,RETRASO,STD,STD,FALSO
MV,PLCS3352,ECATEPEC-283,09/11/2023,CAJA SECA CON COPETE,NP300,2.5,1.85,1.7,1,8.91,9,18,01/12/2023,,SIN CAPTURA,1,2,2,1,1,1,1,332,19/11/2023,06/11/2023,A TIEMPO,20/11/2023,08/12/2023,RETRASO,22/11/2023,,SIN CAPTURA,24/11/2023,,SIN CAPTURA,25/11/2023,,SIN CAPTURA,26/11/2023,,SIN CAPTURA,27/11/2023,,SIN CAPTURA,28/11/2023,15/12/2023,RETRASO,STD,STD,FALSO
MV,PLCR3353,ECATEPEC-286,09/11/2023,REDILA CERRADA FIJA,NP300,2.5,1.85,1,,4.63,9,18,01/12/2023,,SIN CAPTURA,1,2,2,1,1,1,1,162,19/11/2023,06/11/2023,A TIEMPO,20/11/2023,24/11/2023,RETRASO,22/11/2023,27/11/2023,RETRASO,24/11/2023,,SIN CAPTURA,25/11/2023,27/11/2023,RETRASO,26/11/2023,,SIN CAPTURA,27/11/2023,,SIN CAPTURA,28/11/2023,29/11/2023,RETRASO,STD,STD,FALSO
SG,PLCT3354,ECATEPEC-298,09/11/2023,"CAJA TERMICA TIPO LA LOMA 4""",ISUZU ELF 200E,2.34,1.44,1.4,,4.72,9,18,01/12/2023,,SIN CAPTURA,1,2,2,1,1,1,1,297,19/11/2023,15/11/2023,A TIEMPO,20/11/2023,21/11/2023,RETRASO,22/11/2023,25/11/2023,RETRASO,24/11/2023,28/11/2023,RETRASO,25/11/2023,01/12/2023,RETRASO,26/11/2023,01/12/2023,RETRASO,27/11/2023,,SIN CAPTURA,28/11/2023,02/12/2023,RETRASO,"cuadro de acero inoxidable
y rieles logísticos de acero inoxidable,
zoclo tipo cierre, protección
de liner panel en cama, chapa de seguridad
galvanizada
CON UN CARGADOR EXTRA.",STD,FALSO
EXHIBICION,PLCS3355,ECATEPEC-300,09/11/2023,CAJA SECA CON COPETE,F350,3.2,2.4,2.2,1.2,19.01,12,24,07/12/2023,14/11/2023,A TIEMPO,2,3,3,1,1,1,1,532,22/11/2023,10/11/2023,A TIEMPO,24/11/2023,11/11/2023,A TIEMPO,27/11/2023,13/11/2023,A TIEMPO,30/11/2023,13/11/2023,A TIEMPO,01/12/2023,,SIN CAPTURA,02/12/2023,,SIN CAPTURA,03/12/2023,,SIN CAPTURA,04/12/2023,13/11/2023,A TIEMPO,STD,STD,VERDADERO
DH,PLCP3356,ECATEPEC-302,13/11/2023,PLATAFORMA MATERIALISTA ,ISUZU,4.2,2.3,1.6,0.55,16.13,12,24,11/12/2023,,SIN CAPTURA,2,3,3,1,1,1,1,425,26/11/2023,15/11/2023,A TIEMPO,28/11/2023,,SIN CAPTURA,01/12/2023,,SIN CAPTURA,04/12/2023,,SIN CAPTURA,05/12/2023,,SIN CAPTURA,06/12/2023,,SIN CAPTURA,07/12/2023,,SIN CAPTURA,08/12/2023,15/12/2023,RETRASO,"PISO DE TABLON 1 1/2"" RECUBIERTO DE LAMINA ANTIDERRAPANTE, PUERTAS TIPO RAMPA ABATIBLES 35 CMS,VENTANA DE COMUNICACION, ",GUARDAS LATERALES TIPO FALDON ,FALSO
MV,PLCR3357,ECATEPEC-305,14/11/2023,REDILA CLAREADA DESMONTABLE,RAM 4000 P,3.1,2.4,1.2,,8.93,9,18,06/12/2023,22/11/2023,A TIEMPO,1,2,2,1,1,1,1,,24/11/2023,,SIN CAPTURA,25/11/2023,16/11/2023,A TIEMPO,27/11/2023,18/11/2023,A TIEMPO,29/11/2023,,SIN CAPTURA,30/11/2023,21/11/2023,A TIEMPO,01/12/2023,,SIN CAPTURA,02/12/2023,,SIN CAPTURA,03/12/2023,22/11/2023,A TIEMPO,2 PUERTAS TRASERAS DESMONTABLES CON SEGUROS,STD,VERDADERO
MV,PLCS3358,ECATEPEC-304,14/11/2023,CAJA SECA CUADRADA,M2 52K 6X4,7.5,2.6,2.69,,52.46,13,26,14/12/2023,,SIN CAPTURA,2,3,3,1,2,1,1,944,28/11/2023,16/11/2023,A TIEMPO,30/11/2023,25/11/2023,A TIEMPO,03/12/2023,27/11/2023,A TIEMPO,06/12/2023,,SIN CAPTURA,07/12/2023,05/12/2023,A TIEMPO,09/12/2023,,SIN CAPTURA,10/12/2023,,SIN CAPTURA,11/12/2023,07/12/2023,A TIEMPO,"PISO DE TABLON 1 1/2"" RECUBIERTO DE LAMINA ANTIDERRAPANTE, DOS LINEAS DE RIEL LOGISTICO POR LADO TIPO E ",STD,FALSO
MV,PLCS3359,ECATEPEC-307,15/11/2023,EXTENSION DE CAJA SOBRE BATEA,NP300,,,,,0,0,0,19/11/2023,,SIN CAPTURA,0,0,0,0,0,0,0,115,16/11/2023,20/11/2023,RETRASO,16/11/2023,26/11/2023,RETRASO,16/11/2023,,SIN CAPTURA,16/11/2023,,SIN CAPTURA,16/11/2023,,SIN CAPTURA,16/11/2023,,SIN CAPTURA,16/11/2023,,SIN CAPTURA,16/11/2023,07/12/2023,RETRASO,STD,STD,FALSO
MV,PLCS3360,ECATEPEC-307,15/11/2023,EXTENSION DE CAJA SOBRE BATEA,NP300,,,,,0,0,0,19/11/2023,,SIN CAPTURA,0,0,0,0,0,0,0,115,16/11/2023,20/11/2023,RETRASO,16/11/2023,27/11/2023,RETRASO,16/11/2023,29/11/2023,RETRASO,16/11/2023,30/11/2023,RETRASO,16/11/2023,,SIN CAPTURA,16/11/2023,,SIN CAPTURA,16/11/2023,,SIN CAPTURA,16/11/2023,02/12/2023,RETRASO,STD,STD,FALSO
MV,PLCS3361,ECATEPEC-307,15/11/2023,EXTENSION DE CAJA SOBRE BATEA,NP300,,,,,0,0,0,19/11/2023,,SIN CAPTURA,0,0,0,0,0,0,0,115,16/11/2023,20/11/2023,RETRASO,16/11/2023,28/11/2023,RETRASO,16/11/2023,29/11/2023,RETRASO,16/11/2023,01/12/2023,RETRASO,16/11/2023,,SIN CAPTURA,16/11/2023,,SIN CAPTURA,16/11/2023,,SIN CAPTURA,16/11/2023,02/12/2023,RETRASO,STD,STD,FALSO
MV,PLCS3362,ECATEPEC-307,15/11/2023,EXTENSION DE CAJA SOBRE BATEA,NP300,,,,,0,0,0,19/11/2023,,SIN CAPTURA,0,0,0,0,0,0,0,115,16/11/2023,20/11/2023,RETRASO,16/11/2023,29/11/2023,RETRASO,16/11/2023,,SIN CAPTURA,16/11/2023,,SIN CAPTURA,16/11/2023,,SIN CAPTURA,16/11/2023,,SIN CAPTURA,16/11/2023,,SIN CAPTURA,16/11/2023,07/12/2023,RETRASO,STD,STD,FALSO
MV,PLCS3363,ECATEPEC-307,15/11/2023,EXTENSION DE CAJA SOBRE BATEA,NP300,,,,,0,0,0,19/11/2023,,SIN CAPTURA,0,0,0,0,0,0,0,115,16/11/2023,20/11/2023,RETRASO,16/11/2023,,SIN CAPTURA,16/11/2023,,SIN CAPTURA,16/11/2023,,SIN CAPTURA,16/11/2023,,SIN CAPTURA,16/11/2023,,SIN CAPTURA,16/11/2023,,SIN CAPTURA,16/11/2023,07/12/2023,RETRASO,STD,STD,FALSO
MV,PLCS3364,ECATEPEC-307,15/11/2023,EXTENSION DE CAJA SOBRE BATEA,NP300,,,,,0,0,0,19/11/2023,,SIN CAPTURA,0,0,0,0,0,0,0,115,16/11/2023,20/11/2023,RETRASO,16/11/2023,,SIN CAPTURA,16/11/2023,,SIN CAPTURA,16/11/2023,,SIN CAPTURA,16/11/2023,,SIN CAPTURA,16/11/2023,,SIN CAPTURA,16/11/2023,,SIN CAPTURA,16/11/2023,07/12/2023,RETRASO,STD,STD,FALSO
EXHIBICION,PLCS3365,ECATEPEC-309,15/11/2023,CAJA SECA CON COPETE,NP300,2.5,1.85,1.7,1,8.91,9,18,07/12/2023,,SIN CAPTURA,1,2,2,1,1,1,1,,25/11/2023,,SIN CAPTURA,26/11/2023,,SIN CAPTURA,28/11/2023,,SIN CAPTURA,30/11/2023,,SIN CAPTURA,01/12/2023,,SIN CAPTURA,02/12/2023,,SIN CAPTURA,03/12/2023,,SIN CAPTURA,04/12/2023,,SIN CAPTURA,"TRAMOS DE RIEL GALVANIZADO, 2 LINEAS POR LADO ",STD,FALSO
EXHIBICION,PLCS3366,ECATEPEC-309,15/11/2023,CAJA SECA CON COPETE,NP300,2.5,1.85,1.7,1,8.91,9,18,07/12/2023,,SIN CAPTURA,1,2,2,1,1,1,1,,25/11/2023,,SIN CAPTURA,26/11/2023,,SIN CAPTURA,28/11/2023,,SIN CAPTURA,30/11/2023,,SIN CAPTURA,01/12/2023,,SIN CAPTURA,02/12/2023,,SIN CAPTURA,03/12/2023,,SIN CAPTURA,04/12/2023,,SIN CAPTURA,"TRAMOS DE RIEL GALVANIZADO, 2 LINEAS POR LADO ",STD,FALSO
EXHIBICION,PLCS3367,ECATEPEC-309,15/11/2023,CAJA SECA CON COPETE,NP300,2.5,1.85,1.7,1,8.91,9,18,07/12/2023,,SIN CAPTURA,1,2,2,1,1,1,1,,25/11/2023,,SIN CAPTURA,26/11/2023,,SIN CAPTURA,28/11/2023,,SIN CAPTURA,30/11/2023,,SIN CAPTURA,01/12/2023,,SIN CAPTURA,02/12/2023,,SIN CAPTURA,03/12/2023,,SIN CAPTURA,04/12/2023,,SIN CAPTURA,"TRAMOS DE RIEL GALVANIZADO, 2 LINEAS POR LADO ",STD,FALSO
EXHIBICION,PLCS3368,ECATEPEC-309,15/11/2023,CAJA SECA CON COPETE,NP300,2.5,1.85,1.7,1,8.91,9,18,07/12/2023,,SIN CAPTURA,1,2,2,1,1,1,1,,25/11/2023,,SIN CAPTURA,26/11/2023,,SIN CAPTURA,28/11/2023,,SIN CAPTURA,30/11/2023,,SIN CAPTURA,01/12/2023,,SIN CAPTURA,02/12/2023,,SIN CAPTURA,03/12/2023,,SIN CAPTURA,04/12/2023,,SIN CAPTURA,"TRAMOS DE RIEL GALVANIZADO, 2 LINEAS POR LADO ",STD,FALSO
EXHIBICION,PLCS3369,ECATEPEC-309,15/11/2023,CAJA SECA CON COPETE,NP300,2.5,1.85,1.7,1,8.91,9,18,07/12/2023,,SIN CAPTURA,1,2,2,1,1,1,1,,25/11/2023,,SIN CAPTURA,26/11/2023,,SIN CAPTURA,28/11/2023,,SIN CAPTURA,30/11/2023,,SIN CAPTURA,01/12/2023,,SIN CAPTURA,02/12/2023,,SIN CAPTURA,03/12/2023,,SIN CAPTURA,04/12/2023,,SIN CAPTURA,"TRAMOS DE RIEL GALVANIZADO, 2 LINEAS POR LADO ",STD,FALSO
EXHIBICION,PLCS3370,ECATEPEC-309,15/11/2023,CAJA SECA CON COPETE,NP300,2.5,1.85,1.7,1,8.91,9,18,07/12/2023,,SIN CAPTURA,1,2,2,1,1,1,1,,25/11/2023,,SIN CAPTURA,26/11/2023,,SIN CAPTURA,28/11/2023,,SIN CAPTURA,30/11/2023,,SIN CAPTURA,01/12/2023,,SIN CAPTURA,02/12/2023,,SIN CAPTURA,03/12/2023,,SIN CAPTURA,04/12/2023,,SIN CAPTURA,"TRAMOS DE RIEL GALVANIZADO, 2 LINEAS POR LADO ",STD,FALSO
EXHIBICION,PLCS3371,ECATEPEC-309,15/11/2023,CAJA SECA CON COPETE,NP300,2.5,1.85,1.7,1,8.91,9,18,07/12/2023,,SIN CAPTURA,1,2,2,1,1,1,1,,25/11/2023,,SIN CAPTURA,26/11/2023,,SIN CAPTURA,28/11/2023,,SIN CAPTURA,30/11/2023,,SIN CAPTURA,01/12/2023,,SIN CAPTURA,02/12/2023,,SIN CAPTURA,03/12/2023,,SIN CAPTURA,04/12/2023,,SIN CAPTURA,"TRAMOS DE RIEL GALVANIZADO, 2 LINEAS POR LADO ",STD,FALSO
EXHIBICION,PLCS3372,ECATEPEC-309,15/11/2023,CAJA SECA CON COPETE,NP300,2.5,1.85,1.7,1,8.91,9,18,07/12/2023,,SIN CAPTURA,1,2,2,1,1,1,1,,25/11/2023,,SIN CAPTURA,26/11/2023,,SIN CAPTURA,28/11/2023,,SIN CAPTURA,30/11/2023,,SIN CAPTURA,01/12/2023,,SIN CAPTURA,02/12/2023,,SIN CAPTURA,03/12/2023,,SIN CAPTURA,04/12/2023,,SIN CAPTURA,"TRAMOS DE RIEL GALVANIZADO, 2 LINEAS POR LADO ",STD,FALSO
EXHIBICION,PLCS3373,ECATEPEC-309,15/11/2023,CAJA SECA CON COPETE,NP300,2.5,1.85,1.7,1,8.91,9,18,07/12/2023,,SIN CAPTURA,1,2,2,1,1,1,1,,25/11/2023,,SIN CAPTURA,26/11/2023,,SIN CAPTURA,28/11/2023,,SIN CAPTURA,30/11/2023,,SIN CAPTURA,01/12/2023,,SIN CAPTURA,02/12/2023,,SIN CAPTURA,03/12/2023,,SIN CAPTURA,04/12/2023,,SIN CAPTURA,"TRAMOS DE RIEL GALVANIZADO, 2 LINEAS POR LADO ",STD,FALSO
EXHIBICION,PLCS3374,ECATEPEC-309,15/11/2023,CAJA SECA CON COPETE,NP300,2.5,1.85,1.7,1,8.91,9,18,07/12/2023,,SIN CAPTURA,1,2,2,1,1,1,1,,25/11/2023,,SIN CAPTURA,26/11/2023,,SIN CAPTURA,28/11/2023,,SIN CAPTURA,30/11/2023,,SIN CAPTURA,01/12/2023,,SIN CAPTURA,02/12/2023,,SIN CAPTURA,03/12/2023,,SIN CAPTURA,04/12/2023,,SIN CAPTURA,"TRAMOS DE RIEL GALVANIZADO, 2 LINEAS POR LADO ",STD,FALSO
EXHIBICION,PLCS3375,ECATEPEC-309,15/11/2023,CAJA SECA CON COPETE,NP300,2.5,1.85,1.7,1,8.91,9,18,07/12/2023,,SIN CAPTURA,1,2,2,1,1,1,1,,25/11/2023,,SIN CAPTURA,26/11/2023,,SIN CAPTURA,28/11/2023,,SIN CAPTURA,30/11/2023,,SIN CAPTURA,01/12/2023,,SIN CAPTURA,02/12/2023,,SIN CAPTURA,03/12/2023,,SIN CAPTURA,04/12/2023,,SIN CAPTURA,"TRAMOS DE RIEL GALVANIZADO, 2 LINEAS POR LADO ",STD,FALSO
EXHIBICION,PLCS3376,ECATEPEC-309,15/11/2023,CAJA SECA CON COPETE,NP300,2.5,1.85,1.7,1,8.91,9,18,07/12/2023,,SIN CAPTURA,1,2,2,1,1,1,1,,25/11/2023,,SIN CAPTURA,26/11/2023,,SIN CAPTURA,28/11/2023,,SIN CAPTURA,30/11/2023,,SIN CAPTURA,01/12/2023,,SIN CAPTURA,02/12/2023,,SIN CAPTURA,03/12/2023,,SIN CAPTURA,04/12/2023,,SIN CAPTURA,"TRAMOS DE RIEL GALVANIZADO, 2 LINEAS POR LADO ",STD,FALSO
EXHIBICION,PLCS3377,ECATEPEC-309,15/11/2023,CAJA SECA CON COPETE,NP300,2.5,1.85,1.7,1,8.91,9,18,07/12/2023,,SIN CAPTURA,1,2,2,1,1,1,1,,25/11/2023,,SIN CAPTURA,26/11/2023,,SIN CAPTURA,28/11/2023,,SIN CAPTURA,30/11/2023,,SIN CAPTURA,01/12/2023,,SIN CAPTURA,02/12/2023,,SIN CAPTURA,03/12/2023,,SIN CAPTURA,04/12/2023,,SIN CAPTURA,"TRAMOS DE RIEL GALVANIZADO, 2 LINEAS POR LADO ",STD,FALSO
EXHIBICION,PLCS3378,ECATEPEC-309,15/11/2023,CAJA SECA CON COPETE,NP300,2.5,1.85,1.7,1,8.91,9,18,07/12/2023,,SIN CAPTURA,1,2,2,1,1,1,1,,25/11/2023,,SIN CAPTURA,26/11/2023,,SIN CAPTURA,28/11/2023,,SIN CAPTURA,30/11/2023,,SIN CAPTURA,01/12/2023,,SIN CAPTURA,02/12/2023,,SIN CAPTURA,03/12/2023,,SIN CAPTURA,04/12/2023,,SIN CAPTURA,"TRAMOS DE RIEL GALVANIZADO, 2 LINEAS POR LADO ",STD,FALSO
EXHIBICION,PLCS3379,ECATEPEC-309,15/11/2023,CAJA SECA CON COPETE,NP300,2.5,1.85,1.7,1,8.91,9,18,07/12/2023,,SIN CAPTURA,1,2,2,1,1,1,1,,25/11/2023,,SIN CAPTURA,26/11/2023,,SIN CAPTURA,28/11/2023,,SIN CAPTURA,30/11/2023,,SIN CAPTURA,01/12/2023,,SIN CAPTURA,02/12/2023,,SIN CAPTURA,03/12/2023,,SIN CAPTURA,04/12/2023,,SIN CAPTURA,"TRAMOS DE RIEL GALVANIZADO, 2 LINEAS POR LADO ",STD,FALSO
EXHIBICION,PLCS3380,ECATEPEC-309,15/11/2023,CAJA SECA CON COPETE,NP300,2.5,1.85,1.7,1,8.91,9,18,07/12/2023,,SIN CAPTURA,1,2,2,1,1,1,1,,25/11/2023,,SIN CAPTURA,26/11/2023,,SIN CAPTURA,28/11/2023,,SIN CAPTURA,30/11/2023,,SIN CAPTURA,01/12/2023,,SIN CAPTURA,02/12/2023,,SIN CAPTURA,03/12/2023,,SIN CAPTURA,04/12/2023,,SIN CAPTURA,"TRAMOS DE RIEL GALVANIZADO, 2 LINEAS POR LADO ",STD,FALSO
EXHIBICION,PLCS3381,ECATEPEC-309,15/11/2023,CAJA SECA CON COPETE,NP300,2.5,1.85,1.7,1,8.91,9,18,07/12/2023,,SIN CAPTURA,1,2,2,1,1,1,1,,25/11/2023,,SIN CAPTURA,26/11/2023,,SIN CAPTURA,28/11/2023,,SIN CAPTURA,30/11/2023,,SIN CAPTURA,01/12/2023,,SIN CAPTURA,02/12/2023,,SIN CAPTURA,03/12/2023,,SIN CAPTURA,04/12/2023,,SIN CAPTURA,"TRAMOS DE RIEL GALVANIZADO, 2 LINEAS POR LADO ",STD,FALSO
EXHIBICION,PLCS3382,ECATEPEC-309,15/11/2023,CAJA SECA CON COPETE,NP300,2.5,1.85,1.7,1,8.91,9,18,07/12/2023,,SIN CAPTURA,1,2,2,1,1,1,1,,25/11/2023,,SIN CAPTURA,26/11/2023,,SIN CAPTURA,28/11/2023,,SIN CAPTURA,30/11/2023,,SIN CAPTURA,01/12/2023,,SIN CAPTURA,02/12/2023,,SIN CAPTURA,03/12/2023,,SIN CAPTURA,04/12/2023,,SIN CAPTURA,"TRAMOS DE RIEL GALVANIZADO, 2 LINEAS POR LADO ",STD,FALSO
EXHIBICION,PLCS3383,ECATEPEC-309,15/11/2023,CAJA SECA CON COPETE,NP300,2.5,1.85,1.7,1,8.91,9,18,07/12/2023,,SIN CAPTURA,1,2,2,1,1,1,1,,25/11/2023,,SIN CAPTURA,26/11/2023,,SIN CAPTURA,28/11/2023,,SIN CAPTURA,30/11/2023,,SIN CAPTURA,01/12/2023,,SIN CAPTURA,02/12/2023,,SIN CAPTURA,03/12/2023,,SIN CAPTURA,04/12/2023,,SIN CAPTURA,"TRAMOS DE RIEL GALVANIZADO, 2 LINEAS POR LADO ",STD,FALSO
EXHIBICION,PLCS3384,ECATEPEC-309,15/11/2023,CAJA SECA CON COPETE,NP300,2.5,1.85,1.7,1,8.91,9,18,07/12/2023,,SIN CAPTURA,1,2,2,1,1,1,1,,25/11/2023,,SIN CAPTURA,26/11/2023,,SIN CAPTURA,28/11/2023,,SIN CAPTURA,30/11/2023,,SIN CAPTURA,01/12/2023,,SIN CAPTURA,02/12/2023,,SIN CAPTURA,03/12/2023,,SIN CAPTURA,04/12/2023,,SIN CAPTURA,"TRAMOS DE RIEL GALVANIZADO, 2 LINEAS POR LADO ",STD,FALSO
EXHIBICION,PLCS3385,ECATEPEC-310,15/11/2023,CAJA SECA CUADRADA,NP300,2.5,1.85,1.5,,6.94,9,18,07/12/2023,,SIN CAPTURA,1,2,2,1,1,1,1,280,25/11/2023,16/11/2023,A TIEMPO,26/11/2023,27/11/2023,RETRASO,28/11/2023,29/11/2023,RETRASO,30/11/2023,,SIN CAPTURA,01/12/2023,30/11/2023,A TIEMPO,02/12/2023,,SIN CAPTURA,03/12/2023,,SIN CAPTURA,04/12/2023,02/12/2023,A TIEMPO,"TRAMOS DE RIEL GALVANIZADO, 2 LINEAS POR LADO ",STD,FALSO
EXHIBICION,PLCS3386,ECATEPEC-311,15/11/2023,CAJA SECA CON COPETE,F350,3.2,2.4,2.2,1.2,19.01,12,24,13/12/2023,,SIN CAPTURA,2,3,3,1,1,1,1,624,28/11/2023,22/11/2023,A TIEMPO,30/11/2023,,SIN CAPTURA,03/12/2023,,SIN CAPTURA,06/12/2023,,SIN CAPTURA,07/12/2023,,SIN CAPTURA,08/12/2023,,SIN CAPTURA,09/12/2023,,SIN CAPTURA,10/12/2023,,SIN CAPTURA,"TRAMOS DE RIEL GALVANIZADO, 2 LINEAS POR LADO ",STD,FALSO
EXHIBICION,PLCS3387,ECATEPEC-311,15/11/2023,CAJA SECA CON COPETE,F350,3.2,2.4,2.2,1.2,19.01,12,24,13/12/2023,,SIN CAPTURA,2,3,3,1,1,1,1,624,28/11/2023,22/11/2023,A TIEMPO,30/11/2023,,SIN CAPTURA,03/12/2023,,SIN CAPTURA,06/12/2023,,SIN CAPTURA,07/12/2023,,SIN CAPTURA,08/12/2023,,SIN CAPTURA,09/12/2023,,SIN CAPTURA,10/12/2023,,SIN CAPTURA,"TRAMOS DE RIEL GALVANIZADO, 2 LINEAS POR LADO ",STD,FALSO
EXHIBICION,PLCR3388,ECATEPEC-312,15/11/2023,REDILA CLAREDA FIJA,NP300,2.5,1.85,1,,4.63,9,18,07/12/2023,,SIN CAPTURA,1,2,2,1,1,1,1,160,25/11/2023,04/12/2023,RETRASO,26/11/2023,,SIN CAPTURA,28/11/2023,,SIN CAPTURA,30/11/2023,,SIN CAPTURA,01/12/2023,,SIN CAPTURA,02/12/2023,,SIN CAPTURA,03/12/2023,,SIN CAPTURA,04/12/2023,08/12/2023,RETRASO,STD,STD,FALSO
EXHIBICION,PLCR3389,ECATEPEC-312,15/11/2023,REDILA CLAREDA FIJA,NP300,2.5,1.85,1,,4.63,9,18,07/12/2023,,SIN CAPTURA,1,2,2,1,1,1,1,160,25/11/2023,04/12/2023,RETRASO,26/11/2023,,SIN CAPTURA,28/11/2023,,SIN CAPTURA,30/11/2023,,SIN CAPTURA,01/12/2023,,SIN CAPTURA,02/12/2023,,SIN CAPTURA,03/12/2023,,SIN CAPTURA,04/12/2023,,SIN CAPTURA,STD,STD,FALSO
EXHIBICION,PLCR3390,ECATEPEC-312,15/11/2023,REDILA CLAREDA FIJA,NP300,2.5,1.85,1,,4.63,9,18,07/12/2023,,SIN CAPTURA,1,2,2,1,1,1,1,160,25/11/2023,04/12/2023,RETRASO,26/11/2023,,SIN CAPTURA,28/11/2023,,SIN CAPTURA,30/11/2023,,SIN CAPTURA,01/12/2023,,SIN CAPTURA,02/12/2023,,SIN CAPTURA,03/12/2023,,SIN CAPTURA,04/12/2023,,SIN CAPTURA,STD,STD,FALSO
EXHIBICION,PLCR3391,ECATEPEC-312,15/11/2023,REDILA CLAREDA FIJA,NP300,2.5,1.85,1,,4.63,9,18,07/12/2023,,SIN CAPTURA,1,2,2,1,1,1,1,160,25/11/2023,04/12/2023,RETRASO,26/11/2023,,SIN CAPTURA,28/11/2023,,SIN CAPTURA,30/11/2023,,SIN CAPTURA,01/12/2023,,SIN CAPTURA,02/12/2023,,SIN CAPTURA,03/12/2023,,SIN CAPTURA,04/12/2023,,SIN CAPTURA,STD,STD,FALSO
EXHIBICION,PLCR3392,ECATEPEC-312,15/11/2023,REDILA CLAREDA FIJA,NP300,2.5,1.85,1,,4.63,9,18,07/12/2023,,SIN CAPTURA,1,2,2,1,1,1,1,160,25/11/2023,04/12/2023,RETRASO,26/11/2023,,SIN CAPTURA,28/11/2023,,SIN CAPTURA,30/11/2023,,SIN CAPTURA,01/12/2023,,SIN CAPTURA,02/12/2023,,SIN CAPTURA,03/12/2023,,SIN CAPTURA,04/12/2023,,SIN CAPTURA,STD,STD,FALSO
EXHIBICION,PLCR3393,ECATEPEC-312,15/11/2023,REDILA CLAREDA FIJA,NP300,2.5,1.85,1,,4.63,9,18,07/12/2023,,SIN CAPTURA,1,2,2,1,1,1,1,160,25/11/2023,08/12/2023,RETRASO,26/11/2023,,SIN CAPTURA,28/11/2023,,SIN CAPTURA,30/11/2023,,SIN CAPTURA,01/12/2023,,SIN CAPTURA,02/12/2023,,SIN CAPTURA,03/12/2023,,SIN CAPTURA,04/12/2023,,SIN CAPTURA,STD,STD,FALSO
EXHIBICION,PLCR3394,ECATEPEC-312,15/11/2023,REDILA CLAREDA FIJA,NP300,2.5,1.85,1,,4.63,9,18,07/12/2023,,SIN CAPTURA,1,2,2,1,1,1,1,160,25/11/2023,08/12/2023,RETRASO,26/11/2023,,SIN CAPTURA,28/11/2023,,SIN CAPTURA,30/11/2023,,SIN CAPTURA,01/12/2023,,SIN CAPTURA,02/12/2023,,SIN CAPTURA,03/12/2023,,SIN CAPTURA,04/12/2023,,SIN CAPTURA,STD,STD,FALSO
EXHIBICION,PLCR3395,ECATEPEC-312,15/11/2023,REDILA CLAREDA FIJA,NP300,2.5,1.85,1,,4.63,9,18,07/12/2023,,SIN CAPTURA,1,2,2,1,1,1,1,160,25/11/2023,08/12/2023,RETRASO,26/11/2023,,SIN CAPTURA,28/11/2023,,SIN CAPTURA,30/11/2023,,SIN CAPTURA,01/12/2023,,SIN CAPTURA,02/12/2023,,SIN CAPTURA,03/12/2023,,SIN CAPTURA,04/12/2023,,SIN CAPTURA,STD,STD,FALSO
EXHIBICION,PLCR3396,ECATEPEC-312,15/11/2023,REDILA CLAREDA FIJA,NP300,2.5,1.85,1,,4.63,9,18,07/12/2023,,SIN CAPTURA,1,2,2,1,1,1,1,160,25/11/2023,08/12/2023,RETRASO,26/11/2023,,SIN CAPTURA,28/11/2023,,SIN CAPTURA,30/11/2023,,SIN CAPTURA,01/12/2023,,SIN CAPTURA,02/12/2023,,SIN CAPTURA,03/12/2023,,SIN CAPTURA,04/12/2023,,SIN CAPTURA,STD,STD,FALSO
EXHIBICION,PLCR3397,ECATEPEC-312,15/11/2023,REDILA CLAREDA FIJA,NP300,2.5,1.85,1,,4.63,9,18,07/12/2023,,SIN CAPTURA,1,2,2,1,1,1,1,160,25/11/2023,08/12/2023,RETRASO,26/11/2023,,SIN CAPTURA,28/11/2023,,SIN CAPTURA,30/11/2023,,SIN CAPTURA,01/12/2023,,SIN CAPTURA,02/12/2023,,SIN CAPTURA,03/12/2023,,SIN CAPTURA,04/12/2023,,SIN CAPTURA,STD,STD,FALSO
EXHIBICION,PLCT3398,ECATEPEC-313,15/11/2023,"CAJA TERMICA DE 3""",NP300,2.5,1.85,1.7,,7.86,9,18,07/12/2023,,SIN CAPTURA,1,2,2,1,1,1,1,266,25/11/2023,15/12/2023,RETRASO,26/11/2023,,SIN CAPTURA,28/11/2023,,SIN CAPTURA,30/11/2023,,SIN CAPTURA,01/12/2023,,SIN CAPTURA,02/12/2023,,SIN CAPTURA,03/12/2023,,SIN CAPTURA,04/12/2023,,SIN CAPTURA,STD,STD,FALSO
EXHIBICION,PLCT3399,ECATEPEC-313,15/11/2023,"CAJA TERMICA DE 3""",NP300,2.5,1.85,1.7,,7.86,9,18,07/12/2023,,SIN CAPTURA,1,2,2,1,1,1,1,266,25/11/2023,15/12/2023,RETRASO,26/11/2023,,SIN CAPTURA,28/11/2023,,SIN CAPTURA,30/11/2023,,SIN CAPTURA,01/12/2023,,SIN CAPTURA,02/12/2023,,SIN CAPTURA,03/12/2023,,SIN CAPTURA,04/12/2023,,SIN CAPTURA,STD,STD,FALSO
EXHIBICION,PLCT3400,ECATEPEC-313,15/11/2023,"CAJA TERMICA DE 3""",NP300,2.5,1.85,1.7,,7.86,9,18,07/12/2023,,SIN CAPTURA,1,2,2,1,1,1,1,266,25/11/2023,15/12/2023,RETRASO,26/11/2023,,SIN CAPTURA,28/11/2023,,SIN CAPTURA,30/11/2023,,SIN CAPTURA,01/12/2023,,SIN CAPTURA,02/12/2023,,SIN CAPTURA,03/12/2023,,SIN CAPTURA,04/12/2023,,SIN CAPTURA,STD,STD,FALSO
EXHIBICION,PLCT3401,ECATEPEC-313,15/11/2023,"CAJA TERMICA DE 3""",NP300,2.5,1.85,1.7,,7.86,9,18,07/12/2023,,SIN CAPTURA,1,2,2,1,1,1,1,266,25/11/2023,15/12/2023,RETRASO,26/11/2023,,SIN CAPTURA,28/11/2023,,SIN CAPTURA,30/11/2023,,SIN CAPTURA,01/12/2023,,SIN CAPTURA,02/12/2023,,SIN CAPTURA,03/12/2023,,SIN CAPTURA,04/12/2023,,SIN CAPTURA,STD,STD,FALSO
EXHIBICION,PLCT3402,ECATEPEC-313,15/11/2023,"CAJA TERMICA DE 3""",NP300,2.5,1.85,1.7,,7.86,9,18,07/12/2023,,SIN CAPTURA,1,2,2,1,1,1,1,266,25/11/2023,15/12/2023,RETRASO,26/11/2023,,SIN CAPTURA,28/11/2023,,SIN CAPTURA,30/11/2023,,SIN CAPTURA,01/12/2023,,SIN CAPTURA,02/12/2023,,SIN CAPTURA,03/12/2023,,SIN CAPTURA,04/12/2023,,SIN CAPTURA,STD,STD,FALSO
CV,PLCS3403,ECATEPEC-314,16/11/2023,CAJA SECA CON COPETE,NP300,2.5,1.85,1.7,1,8.91,9,18,08/12/2023,,SIN CAPTURA,1,2,2,1,1,1,1,335,26/11/2023,16/11/2023,A TIEMPO,27/11/2023,30/11/2023,RETRASO,29/11/2023,,SIN CAPTURA,01/12/2023,,SIN CAPTURA,02/12/2023,,SIN CAPTURA,03/12/2023,,SIN CAPTURA,04/12/2023,,SIN CAPTURA,05/12/2023,08/12/2023,RETRASO,FORRO DE LINNER,STD,FALSO
LF,PLCS3404,ECATEPEC-315,16/11/2023,CAJA SECA CUADRADA,HINO 816 SUPER LONG,5.4,2.4,2.5,,32.4,13,26,16/12/2023,,SIN CAPTURA,2,3,3,1,2,1,1,652,30/11/2023,22/11/2023,A TIEMPO,02/12/2023,08/12/2023,RETRASO,05/12/2023,14/12/2023,RETRASO,08/12/2023,,SIN CAPTURA,09/12/2023,,SIN CAPTURA,11/12/2023,,SIN CAPTURA,12/12/2023,,SIN CAPTURA,13/12/2023,,SIN CAPTURA,"PISO DE TABLON 1.5 RECUBIERTO CON LAMINA, ZOCLO A 40 CMS, GUIAS DE AMARRE REDONDO 2 LINEAS POR LADO",GUARDAS METALICAS,FALSO
MV,PLCS3405,ECATEPEC-317,17/11/2023,CAJA SECA CON COPETE,S10,2.7,1.85,2,1,11.22,9,18,09/12/2023,,SIN CAPTURA,1,2,2,1,1,1,1,373,27/11/2023,23/11/2023,A TIEMPO,28/11/2023,30/11/2023,RETRASO,30/11/2023,,SIN CAPTURA,02/12/2023,,SIN CAPTURA,03/12/2023,,SIN CAPTURA,04/12/2023,,SIN CAPTURA,05/12/2023,,SIN CAPTURA,06/12/2023,07/12/2023,RETRASO,FORRO DE LAMINA NEGRA C.19.,ACORAZADO A 40 CMS Y REFUERZO DE MUELLES 2 HOJAS POR LADO ,FALSO
MV,PLCR3406,ECATEPEC-318,17/11/2023,REDILA CERRADA FIJA,NP300,2.5,1.85,1,,4.63,9,18,09/12/2023,,SIN CAPTURA,1,2,2,1,1,1,1,162,27/11/2023,23/11/2023,A TIEMPO,28/11/2023,24/11/2023,A TIEMPO,30/11/2023,29/11/2023,A TIEMPO,02/12/2023,,SIN CAPTURA,03/12/2023,29/11/2023,A TIEMPO,04/12/2023,,SIN CAPTURA,05/12/2023,,SIN CAPTURA,06/12/2023,02/12/2023,A TIEMPO,STD,STD,FALSO
MV,PLCT3407,ECATEPEC-320,17/11/2023,"CAJA TERMICA DE 3""",NP300,2.5,1.85,2.05,,9.48,9,18,09/12/2023,,SIN CAPTURA,1,2,2,1,1,1,1,308,27/11/2023,24/11/2023,A TIEMPO,28/11/2023,,SIN CAPTURA,30/11/2023,,SIN CAPTURA,02/12/2023,,SIN CAPTURA,03/12/2023,,SIN CAPTURA,04/12/2023,,SIN CAPTURA,05/12/2023,,SIN CAPTURA,06/12/2023,,SIN CAPTURA,STD,REFUERZO DE MUELLES DOS HOJAS POR LADO,FALSO
MV,PLCR3408,ECATEPEC-323,21/11/2023,REDILA CLAREADA FIJA,NP300,2.5,1.85,1,,4.63,9,18,13/12/2023,,SIN CAPTURA,1,2,2,1,1,1,1,,01/12/2023,,SIN CAPTURA,02/12/2023,05/12/2023,RETRASO,04/12/2023,06/12/2023,RETRASO,06/12/2023,,SIN CAPTURA,07/12/2023,,SIN CAPTURA,08/12/2023,,SIN CAPTURA,09/12/2023,,SIN CAPTURA,10/12/2023,15/12/2023,RETRASO,STD,STD,FALSO
JP,PLCS3409,ECATEPEC-350,21/11/2023,CAJA SECA CON COPETE,NP300,2.5,1.85,1.85,1,9.7,9,18,13/12/2023,,SIN CAPTURA,1,2,2,1,1,1,1,,01/12/2023,,SIN CAPTURA,02/12/2023,21/11/2023,A TIEMPO,04/12/2023,,SIN CAPTURA,06/12/2023,,SIN CAPTURA,07/12/2023,,SIN CAPTURA,08/12/2023,,SIN CAPTURA,09/12/2023,,SIN CAPTURA,10/12/2023,25/11/2023,A TIEMPO,STD,STD,FALSO
LF,PLCS3410,ECATEPEC-325,21/11/2023,CAJA SECA CUADRADA,HINO 514 LONG,3.8,2,2.85,,21.66,12,24,19/12/2023,,SIN CAPTURA,2,3,3,1,1,1,1,,04/12/2023,,SIN CAPTURA,06/12/2023,08/12/2023,RETRASO,09/12/2023,13/12/2023,RETRASO,12/12/2023,,SIN CAPTURA,13/12/2023,,SIN CAPTURA,14/12/2023,,SIN CAPTURA,15/12/2023,,SIN CAPTURA,16/12/2023,,SIN CAPTURA,PISO DE MADERA RECUBIERTO CON LAMINA ANTIDERRAPANTE C.14 ,STD,FALSO
LF,PLCR3411,ECATEPEC-326,21/11/2023,REDILA CERRADA FIJA,NP300,2.5,1.85,1,,4.63,9,18,13/12/2023,,SIN CAPTURA,1,2,2,1,1,1,1,,01/12/2023,,SIN CAPTURA,02/12/2023,05/12/2023,RETRASO,04/12/2023,,SIN CAPTURA,06/12/2023,,SIN CAPTURA,07/12/2023,,SIN CAPTURA,08/12/2023,,SIN CAPTURA,09/12/2023,,SIN CAPTURA,10/12/2023,15/12/2023,RETRASO,PINTADA A COLOR NEGRO,STD,FALSO
LF,PLCR3412,ECATEPEC-329,21/11/2023,REDILA CERRADA FIJA,NP300,2.5,1.85,1,,4.63,9,18,13/12/2023,,SIN CAPTURA,1,2,2,1,1,1,1,,01/12/2023,,SIN CAPTURA,02/12/2023,14/12/2023,RETRASO,04/12/2023,15/12/2023,RETRASO,06/12/2023,,SIN CAPTURA,07/12/2023,,SIN CAPTURA,08/12/2023,,SIN CAPTURA,09/12/2023,,SIN CAPTURA,10/12/2023,,SIN CAPTURA,STD,STD,FALSO
SG,PLCT3413,ECATEPEC-331,24/11/2023,"CAJA TERMICA TIPO LA LOMA 4""",ISUZU ELF 200E,2.34,1.44,1.4,,4.72,9,18,16/12/2023,,SIN CAPTURA,1,2,2,1,1,1,1,,04/12/2023,,SIN CAPTURA,05/12/2023,,SIN CAPTURA,07/12/2023,,SIN CAPTURA,09/12/2023,,SIN CAPTURA,10/12/2023,,SIN CAPTURA,11/12/2023,,SIN CAPTURA,12/12/2023,,SIN CAPTURA,13/12/2023,,SIN CAPTURA,"4 de insulado para
congelación, en medidas estándar, con
cuadro de acero inoxidable
y rieles logísticos de acero inoxidable,
zoclo tipo cierre, protección
de liner panel en cama, chapa de seguridad
galvanizada
CON UN CARGADOR EXTRA.",STD,FALSO
SG,PLCT3414,ECATEPEC-331,24/11/2023,"CAJA TERMICA TIPO LA LOMA 4""",ISUZU ELF 200E,2.34,1.44,1.4,,4.72,9,18,16/12/2023,,SIN CAPTURA,1,2,2,1,1,1,1,,04/12/2023,,SIN CAPTURA,05/12/2023,,SIN CAPTURA,07/12/2023,,SIN CAPTURA,09/12/2023,,SIN CAPTURA,10/12/2023,,SIN CAPTURA,11/12/2023,,SIN CAPTURA,12/12/2023,,SIN CAPTURA,13/12/2023,,SIN CAPTURA,"4 de insulado para
congelación, en medidas estándar, con
cuadro de acero inoxidable
y rieles logísticos de acero inoxidable,
zoclo tipo cierre, protección
de liner panel en cama, chapa de seguridad
galvanizada
CON UN CARGADOR EXTRA.",STD,FALSO
LF,PLCR3415,ECATEPEC-332,24/11/2023,REDILA CERRADA FIJA,NP300,2.5,1.85,1,,4.63,9,18,16/12/2023,,SIN CAPTURA,1,2,2,1,1,1,1,163,04/12/2023,04/12/2023,OK,05/12/2023,14/12/2023,RETRASO,07/12/2023,15/12/2023,RETRASO,09/12/2023,,SIN CAPTURA,10/12/2023,,SIN CAPTURA,11/12/2023,,SIN CAPTURA,12/12/2023,,SIN CAPTURA,13/12/2023,,SIN CAPTURA,STD,STD,FALSO
MV,PLCS3416,ECATEPEC-339,29/11/2023,CAJA SECA CON COPETE,NP300,2.5,1.85,1.7,1,8.91,9,18,21/12/2023,,SIN CAPTURA,1,2,2,1,1,1,1,,09/12/2023,,SIN CAPTURA,10/12/2023,30/11/2023,A TIEMPO,12/12/2023,,SIN CAPTURA,14/12/2023,,SIN CAPTURA,15/12/2023,,SIN CAPTURA,16/12/2023,,SIN CAPTURA,17/12/2023,,SIN CAPTURA,18/12/2023,,SIN CAPTURA,STD,STD,FALSO
MV,PLCS3417,ECATEPEC-342,29/11/2023,CAJA SECA CUADRADA,NP300,2.5,1.85,1.7,,7.86,9,18,21/12/2023,,SIN CAPTURA,1,2,2,1,1,1,1,,09/12/2023,,SIN CAPTURA,10/12/2023,29/11/2023,A TIEMPO,12/12/2023,30/11/2023,A TIEMPO,14/12/2023,,SIN CAPTURA,15/12/2023,30/11/2023,A TIEMPO,16/12/2023,,SIN CAPTURA,17/12/2023,,SIN CAPTURA,18/12/2023,02/12/2023,A TIEMPO,STD,REFUERZO DE MUELLES DOS HOJAS POR LADO,FALSO
MV,PLCS3418,ECATEPEC-342,29/11/2023,CAJA SECA CUADRADA,NP300,2.5,1.85,1.7,,7.86,9,18,21/12/2023,,SIN CAPTURA,1,2,2,1,1,1,1,,09/12/2023,,SIN CAPTURA,10/12/2023,29/11/2023,A TIEMPO,12/12/2023,30/11/2023,A TIEMPO,14/12/2023,,SIN CAPTURA,15/12/2023,01/12/2023,A TIEMPO,16/12/2023,,SIN CAPTURA,17/12/2023,,SIN CAPTURA,18/12/2023,02/12/2023,A TIEMPO,STD,REFUERZO DE MUELLES DOS HOJAS POR LADO,FALSO
JP,PLCT3419,ECATEPEC-340,29/11/2023,"CAJA REFRIGERADA 3""",NP300,2.5,1.85,1.7,,7.86,9,18,21/12/2023,,SIN CAPTURA,1,2,2,1,1,1,1,149,09/12/2023,02/12/2023,A TIEMPO,10/12/2023,05/12/2023,A TIEMPO,12/12/2023,,SIN CAPTURA,14/12/2023,,SIN CAPTURA,15/12/2023,,SIN CAPTURA,16/12/2023,,SIN CAPTURA,17/12/2023,,SIN CAPTURA,18/12/2023,,SIN CAPTURA,CASCOS COLIN,STD,FALSO
JP,PLCT3420,ECATEPEC-340,29/11/2023,"CAJA REFRIGERADA 3""",NP300,2.5,1.85,1.7,,7.86,9,18,21/12/2023,,SIN CAPTURA,1,2,2,1,1,1,1,149,09/12/2023,02/12/2023,A TIEMPO,10/12/2023,07/12/2023,A TIEMPO,12/12/2023,,SIN CAPTURA,14/12/2023,,SIN CAPTURA,15/12/2023,,SIN CAPTURA,16/12/2023,,SIN CAPTURA,17/12/2023,,SIN CAPTURA,18/12/2023,,SIN CAPTURA,CASCOS COLIN,STD,FALSO
JP,PLCT3421,ECATEPEC-340,29/11/2023,"CAJA REFRIGERADA 3""",NP300,2.5,1.85,1.7,,7.86,9,18,21/12/2023,,SIN CAPTURA,1,2,2,1,1,1,1,149,09/12/2023,02/12/2023,A TIEMPO,10/12/2023,,SIN CAPTURA,12/12/2023,,SIN CAPTURA,14/12/2023,,SIN CAPTURA,15/12/2023,,SIN CAPTURA,16/12/2023,,SIN CAPTURA,17/12/2023,,SIN CAPTURA,18/12/2023,,SIN CAPTURA,CASCOS COLIN,STD,FALSO
JP,PLCT3422,ECATEPEC-340,29/11/2023,"CAJA REFRIGERADA 3""",NP300,2.5,1.85,1.7,,7.86,9,18,21/12/2023,,SIN CAPTURA,1,2,2,1,1,1,1,149,09/12/2023,02/12/2023,A TIEMPO,10/12/2023,,SIN CAPTURA,12/12/2023,,SIN CAPTURA,14/12/2023,,SIN CAPTURA,15/12/2023,,SIN CAPTURA,16/12/2023,,SIN CAPTURA,17/12/2023,,SIN CAPTURA,18/12/2023,,SIN CAPTURA,CASCOS COLIN,STD,FALSO
SG,PLCR3423,ECATEPEC-341,29/11/2023,REDILA CLAREADA FIJA,S10,2.5,1.85,1,,4.63,9,18,21/12/2023,,SIN CAPTURA,1,2,2,1,1,1,1,,09/12/2023,,SIN CAPTURA,10/12/2023,,SIN CAPTURA,12/12/2023,,SIN CAPTURA,14/12/2023,,SIN CAPTURA,15/12/2023,,SIN CAPTURA,16/12/2023,,SIN CAPTURA,17/12/2023,,SIN CAPTURA,18/12/2023,,SIN CAPTURA,STD,STD,FALSO
MV,PLCR3424,ECATEPEC-344,29/11/2023,REDILA CLAREADA DESMONTABLE,RAM 4000 PL,3.6,2.5,1.2,,10.8,9,18,21/12/2023,,SIN CAPTURA,1,2,2,1,1,1,1,,09/12/2023,,SIN CAPTURA,10/12/2023,06/12/2023,A TIEMPO,12/12/2023,,SIN CAPTURA,14/12/2023,,SIN CAPTURA,15/12/2023,,SIN CAPTURA,16/12/2023,,SIN CAPTURA,17/12/2023,,SIN CAPTURA,18/12/2023,08/12/2023,A TIEMPO,STD,STD,FALSO
JP,PLCR3425,ECATEPEC-345,29/11/2023,REDILA CLAREADA FIJA,NP300,2.5,1.85,0.9,,4.16,9,18,21/12/2023,,SIN CAPTURA,1,2,2,1,1,1,1,,09/12/2023,,SIN CAPTURA,10/12/2023,14/12/2023,RETRASO,12/12/2023,15/12/2023,RETRASO,14/12/2023,,SIN CAPTURA,15/12/2023,,SIN CAPTURA,16/12/2023,,SIN CAPTURA,17/12/2023,,SIN CAPTURA,18/12/2023,,SIN CAPTURA,STD,STD,FALSO
MV,PLCT3426,ECATEPEC-351,01/12/2023,"CAJA TERMICA DE 3""",NP300,2.5,1.85,1.7,,7.86,9,18,23/12/2023,,SIN CAPTURA,1,2,2,1,1,1,1,,11/12/2023,,SIN CAPTURA,12/12/2023,,SIN CAPTURA,14/12/2023,,SIN CAPTURA,16/12/2023,,SIN CAPTURA,17/12/2023,,SIN CAPTURA,18/12/2023,,SIN CAPTURA,19/12/2023,,SIN CAPTURA,20/12/2023,,SIN CAPTURA,STD,EQUIPO DE REFRIGERACION MARCA HWA SUNG HT 050 MINI ,FALSO
MV,PLCT3427,ECATEPEC-352,01/12/2023,"CAJA CUADRADA TERMICA 4""",CONSTELLATION 24-280 6X 2 ,8,2.5,2.5,,50,13,26,31/12/2023,,SIN CAPTURA,2,3,3,1,2,1,1,,15/12/2023,,SIN CAPTURA,17/12/2023,,SIN CAPTURA,20/12/2023,,SIN CAPTURA,23/12/2023,,SIN CAPTURA,24/12/2023,,SIN CAPTURA,26/12/2023,,SIN CAPTURA,27/12/2023,,SIN CAPTURA,28/12/2023,,SIN CAPTURA,STD,"EQUIPO DE REFRIGERACION MARCA HWA SUNG HT-30 DW TRA-LA, RAMPA OCULTA HIDRAULICA CON PLATO DE ALUMINIO EXTRUIDOMARCA DHOLLANDIA ",FALSO
MV,PLCT3428,ECATEPEC-352,01/12/2023,"CAJA CUADRADA TERMICA 4""",CONSTELLATION 24-280 6X 2 ,8,2.5,2.5,,50,13,26,31/12/2023,,SIN CAPTURA,2,3,3,1,2,1,1,,15/12/2023,,SIN CAPTURA,17/12/2023,,SIN CAPTURA,20/12/2023,,SIN CAPTURA,23/12/2023,,SIN CAPTURA,24/12/2023,,SIN CAPTURA,26/12/2023,,SIN CAPTURA,27/12/2023,,SIN CAPTURA,28/12/2023,,SIN CAPTURA,STD,"EQUIPO DE REFRIGERACION MARCA HWA SUNG HT-30 DW TRA-LA, RAMPA OCULTA HIDRAULICA CON PLATO DE ALUMINIO EXTRUIDOMARCA DHOLLANDIA ",FALSO
SG,PLCT3429,ECATEPEC-353,01/12/2023,"CAJA TERMICA TIPO LA LOMA 4""",FREIGHLINER FL 360,3.33,2.02,1.8,,12.11,9,18,23/12/2023,,SIN CAPTURA,1,2,2,1,1,1,1,,11/12/2023,,SIN CAPTURA,12/12/2023,11/12/2023,A TIEMPO,14/12/2023,,SIN CAPTURA,16/12/2023,,SIN CAPTURA,17/12/2023,,SIN CAPTURA,18/12/2023,,SIN CAPTURA,19/12/2023,,SIN CAPTURA,20/12/2023,,SIN CAPTURA,"cuadro de acero inoxidable
y rieles logísticos de acero inoxidable,
zoclo tipo cierre, protección
de liner panel en cama, chapa de seguridad
galvanizada
CON UN CARGADOR EXTRA, CAJA DE HERRAMIENTAS
LARGO: .65 FONDO: .40
ALTO: .30 Y DISPOSITIVO DE SEGURIDAD",STD,FALSO
SG,PLCT3430,ECATEPEC-353,01/12/2023,"CAJA TERMICA TIPO LA LOMA 4""",FREIGHLINER FL 360,3.33,2.02,1.8,,12.11,9,18,23/12/2023,,SIN CAPTURA,1,2,2,1,1,1,1,,11/12/2023,,SIN CAPTURA,12/12/2023,,SIN CAPTURA,14/12/2023,,SIN CAPTURA,16/12/2023,,SIN CAPTURA,17/12/2023,,SIN CAPTURA,18/12/2023,,SIN CAPTURA,19/12/2023,,SIN CAPTURA,20/12/2023,,SIN CAPTURA,"cuadro de acero inoxidable
y rieles logísticos de acero inoxidable,
zoclo tipo cierre, protección
de liner panel en cama, chapa de seguridad
galvanizada
CON UN CARGADOR EXTRA, CAJA DE HERRAMIENTAS
LARGO: .65 FONDO: .40
ALTO: .30 Y DISPOSITIVO DE SEGURIDAD",STD,FALSO
MV,PLCS3431,ECATEPEC-355,01/12/2023,CAJA SECA CON COPETE,NP300,3,1.9,2,1,12.67,9,18,23/12/2023,,SIN CAPTURA,1,2,2,1,1,1,1,,11/12/2023,,SIN CAPTURA,12/12/2023,11/12/2023,A TIEMPO,14/12/2023,,SIN CAPTURA,16/12/2023,,SIN CAPTURA,17/12/2023,,SIN CAPTURA,18/12/2023,,SIN CAPTURA,19/12/2023,,SIN CAPTURA,20/12/2023,,SIN CAPTURA,STD,REFUERZO DE MUELLES DOS HOJAS POR LADO,FALSO
MV,PLCS3432,ECATEPEC-358,05/12/2023,CAJA SECA CON COPETE,F350,3.1,2.4,2.2,,16.37,12,24,02/01/2024,,SIN CAPTURA,2,3,3,1,1,1,1,,18/12/2023,,SIN CAPTURA,20/12/2023,11/12/2023,A TIEMPO,23/12/2023,,SIN CAPTURA,26/12/2023,,SIN CAPTURA,27/12/2023,,SIN CAPTURA,28/12/2023,,SIN CAPTURA,29/12/2023,,SIN CAPTURA,30/12/2023,,SIN CAPTURA,"Forro interior con triplay de 6 mm en lados, frente, toldo y puertas recubierto de linner panel en 1 pza. Piso de madera recubierto de lámina lisa
de acero inoxidable. Zoclo anti-impacto perimetral de .20
centímetros de altura, fabricado con
aluminio antiderrapante o acero inoxidable. Dos líneas de riel logístico galvanizado
tipo E por lado -primer linea a .25 cms de piso a toldo
-segunda línea a 1.00 mt de piso a toldo, Dos cajas de residuos fabricadas en acero
inoxidable cónicas.
• Dos cajas de herramientas fabricadas en
medidas .90cms largo x .40 cms alto x .50
cms fondo, 4 Rejillas de ventilación, dos por lado.","Tres porta rombos de aluminio, uno por lateral y uno en el copete.",FALSO
MV,PLCP3433,ECATEPEC-359,05/12/2023,PLATAFORMA EN Z,F450 XL CHAS CAB ,6,2.5,1.2,1.2,19.2,12,24,02/01/2024,,SIN CAPTURA,2,3,3,1,1,1,1,,18/12/2023,,SIN CAPTURA,20/12/2023,15/12/2023,A TIEMPO,23/12/2023,,SIN CAPTURA,26/12/2023,,SIN CAPTURA,27/12/2023,,SIN CAPTURA,28/12/2023,,SIN CAPTURA,29/12/2023,,SIN CAPTURA,30/12/2023,,SIN CAPTURA,"PISO:
Piso de lámina antiderrapante calibre 14. ",ALARGADO Y ACORAZADO DE CHASIS,FALSO
MV,PLCR3434,ECATEPEC-360,05/12/2023,CARROCERIA CERRADA FIJA,HINO 500 1626,7.55,2.55,2.2,,42.36,13,26,04/01/2024,,SIN CAPTURA,2,3,3,1,2,1,1,,19/12/2023,,SIN CAPTURA,21/12/2023,,SIN CAPTURA,24/12/2023,,SIN CAPTURA,27/12/2023,,SIN CAPTURA,28/12/2023,,SIN CAPTURA,30/12/2023,,SIN CAPTURA,31/12/2023,,SIN CAPTURA,01/01/2024,,SIN CAPTURA,"Porterías para lona a .50 cms de alto, CAMAROTE en CAMA, dividido en 2 con colchonetas: 1.00 cms, forrado con linóleum en piso y linner panel de 2 mm en laterales y techo, Aplicación de primer anticorrosivo y terminado con esmalte color BLANCO, GRIS Y PLATA.","LONA CAPUCHON
*PORTALONAS
*PROTECCION BATERIAS",FALSO
MV,PLCS3435,ECATEPEC-366,07/12/2023,CAJA SECA CUADRADA,ISUZU 400F,3.32,2.05,2.15,,14.63,12,24,04/01/2024,,SIN CAPTURA,2,3,3,1,1,1,1,,20/12/2023,,SIN CAPTURA,22/12/2023,,SIN CAPTURA,25/12/2023,,SIN CAPTURA,28/12/2023,,SIN CAPTURA,29/12/2023,,SIN CAPTURA,30/12/2023,,SIN CAPTURA,31/12/2023,,SIN CAPTURA,01/01/2024,,SIN CAPTURA,STD,STD,FALSO
CV,PLCR3436,ECATEPEC-367,07/12/2023,REDILA CLAREADAS FIJAS,NP300,2.5,1.85,1,,4.63,9,18,29/12/2023,,SIN CAPTURA,1,2,2,1,1,1,1,,17/12/2023,,SIN CAPTURA,18/12/2023,,SIN CAPTURA,20/12/2023,,SIN CAPTURA,22/12/2023,,SIN CAPTURA,23/12/2023,,SIN CAPTURA,24/12/2023,,SIN CAPTURA,25/12/2023,,SIN CAPTURA,26/12/2023,,SIN CAPTURA,STD,STD,FALSO
MV,PLCS3437,ECATEPEC-368,07/12/2023,CAJA SECA CUADRADA,VW DELIVERY 9.170 2023,6.5,2.5,2.3,,37.38,13,26,06/01/2024,,SIN CAPTURA,2,3,3,1,2,1,1,,21/12/2023,,SIN CAPTURA,23/12/2023,,SIN CAPTURA,26/12/2023,,SIN CAPTURA,29/12/2023,,SIN CAPTURA,30/12/2023,,SIN CAPTURA,01/01/2024,,SIN CAPTURA,02/01/2024,,SIN CAPTURA,03/01/2024,,SIN CAPTURA,Forro interior con triplay de 12 milímetros en laterales y frente con barniz,"4 porta rombos de aluminio por lateral, dos en el frente y 2 en las puertas. (12 porta rombos en total).
*4 banderines de seguridad, dos rígidos y dos suaves. ",FALSO
MV,PLCT3438,ECATEPEC-373,11/12/2023,"CAJA REFRIGERADA 3""",FREIGHTLINER FL360 -38 ,4.72,2.28,2,,21.52,12,24,08/01/2024,,SIN CAPTURA,2,3,3,1,1,1,1,,24/12/2023,,SIN CAPTURA,26/12/2023,,SIN CAPTURA,29/12/2023,,SIN CAPTURA,01/01/2024,,SIN CAPTURA,02/01/2024,,SIN CAPTURA,03/01/2024,,SIN CAPTURA,04/01/2024,,SIN CAPTURA,05/01/2024,,SIN CAPTURA,"Reforzamiento en pared interna frontal para
equipo de refrigeración Carrier Supra 660
(peso 450kg), 4 Luces de navegación redondas laterales
embutidas en la lámina, dos por lado, una
ámbar y una roja la parte inferior de la
caja (posición de acuerdo a imágenes de
cliente), Puerta trasera tipo cortina acondicionada
para refrigeración, forro exterior de
aluminio blanco wash.
Puerta lateral lado copiloto acondicionada
para refrigeración, forro exterior de
aluminio blanco wash con escalera de 3
escalones fabricado en PTR, Riel logístico galvanizado en laterales,
dos por lado. El primero a 18"" de altura y
el segundo superior a 65"" de altura, ",STD,FALSO
LF,PLCS3439,ECATEPEC-374,11/12/2023,CAJA SECA CON COPETE,NP300,3.2,1.86,2.1,1,13.8,9,18,02/01/2024,,SIN CAPTURA,1,2,2,1,1,1,1,,21/12/2023,,SIN CAPTURA,22/12/2023,,SIN CAPTURA,24/12/2023,,SIN CAPTURA,26/12/2023,,SIN CAPTURA,27/12/2023,,SIN CAPTURA,28/12/2023,,SIN CAPTURA,29/12/2023,,SIN CAPTURA,30/12/2023,,SIN CAPTURA,STD,ALARGADO DE CHASIS Y REFUERZO DE MUELLES,FALSO
LF,PLCS3440,ECATEPEC-375,11/12/2023,CAJA SECA CON COPETE,NP300,2.5,1.85,1.8,1,9.44,9,18,02/01/2024,,SIN CAPTURA,1,2,2,1,1,1,1,,21/12/2023,,SIN CAPTURA,22/12/2023,,SIN CAPTURA,24/12/2023,,SIN CAPTURA,26/12/2023,,SIN CAPTURA,27/12/2023,,SIN CAPTURA,28/12/2023,,SIN CAPTURA,29/12/2023,,SIN CAPTURA,30/12/2023,,SIN CAPTURA,STD,STD,FALSO
LF,PLCS3441,ECATEPEC-376,11/12/2023,CAJA SECA CON COPETE,NP300,3,1.85,2,1,12.33,9,18,02/01/2024,,SIN CAPTURA,1,2,2,1,1,1,1,,21/12/2023,,SIN CAPTURA,22/12/2023,,SIN CAPTURA,24/12/2023,,SIN CAPTURA,26/12/2023,,SIN CAPTURA,27/12/2023,,SIN CAPTURA,28/12/2023,,SIN CAPTURA,29/12/2023,,SIN CAPTURA,30/12/2023,,SIN CAPTURA,STD,ALARGADO DE CHASIS Y REFUERZO DE MUELLES,FALSO
LF,PLCS3442,ECATEPEC-376,11/12/2023,CAJA SECA CON COPETE,NP300,3,1.85,2,1,12.33,9,18,02/01/2024,,SIN CAPTURA,1,2,2,1,1,1,1,,21/12/2023,,SIN CAPTURA,22/12/2023,,SIN CAPTURA,24/12/2023,,SIN CAPTURA,26/12/2023,,SIN CAPTURA,27/12/2023,,SIN CAPTURA,28/12/2023,,SIN CAPTURA,29/12/2023,,SIN CAPTURA,30/12/2023,,SIN CAPTURA,STD,ALARGADO DE CHASIS Y REFUERZO DE MUELLES,FALSO
LF,PLCS3443,ECATEPEC-376,11/12/2023,CAJA SECA CON COPETE,NP300,3,1.85,2,1,12.33,9,18,02/01/2024,,SIN CAPTURA,1,2,2,1,1,1,1,,21/12/2023,,SIN CAPTURA,22/12/2023,,SIN CAPTURA,24/12/2023,,SIN CAPTURA,26/12/2023,,SIN CAPTURA,27/12/2023,,SIN CAPTURA,28/12/2023,,SIN CAPTURA,29/12/2023,,SIN CAPTURA,30/12/2023,,SIN CAPTURA,STD,ALARGADO DE CHASIS Y REFUERZO DE MUELLES,FALSO
LF,PLCS3444,ECATEPEC-376,11/12/2023,CAJA SECA CON COPETE,NP300,3,1.85,2,1,12.33,9,18,02/01/2024,,SIN CAPTURA,1,2,2,1,1,1,1,,21/12/2023,,SIN CAPTURA,22/12/2023,,SIN CAPTURA,24/12/2023,,SIN CAPTURA,26/12/2023,,SIN CAPTURA,27/12/2023,,SIN CAPTURA,28/12/2023,,SIN CAPTURA,29/12/2023,,SIN CAPTURA,30/12/2023,,SIN CAPTURA,STD,ALARGADO DE CHASIS Y REFUERZO DE MUELLES,FALSO
LF,PLCS3445,ECATEPEC-377,12/12/2023,CAJA SECA CON COPETE,NP300,3,1.85,2,1,12.33,9,18,03/01/2024,,SIN CAPTURA,1,2,2,1,1,1,1,,22/12/2023,,SIN CAPTURA,23/12/2023,,SIN CAPTURA,25/12/2023,,SIN CAPTURA,27/12/2023,,SIN CAPTURA,28/12/2023,,SIN CAPTURA,29/12/2023,,SIN CAPTURA,30/12/2023,,SIN CAPTURA,31/12/2023,,SIN CAPTURA,STD,ALARGADO DE CHASIS Y REFUERZO DE MUELLES,FALSO
LF,PLCS3446,ECATEPEC-377,12/12/2023,CAJA SECA CON COPETE,NP300,3,1.85,2,1,12.33,9,18,03/01/2024,,SIN CAPTURA,1,2,2,1,1,1,1,,22/12/2023,,SIN CAPTURA,23/12/2023,,SIN CAPTURA,25/12/2023,,SIN CAPTURA,27/12/2023,,SIN CAPTURA,28/12/2023,,SIN CAPTURA,29/12/2023,,SIN CAPTURA,30/12/2023,,SIN CAPTURA,31/12/2023,,SIN CAPTURA,STD,ALARGADO DE CHASIS Y REFUERZO DE MUELLES,FALSO
LF,PLCS3447,ECATEPEC-378,12/12/2023,CAJA SECA CON COPETE,NP300,3,1.85,2.2,1,13.57,9,18,03/01/2024,,SIN CAPTURA,1,2,2,1,1,1,1,,22/12/2023,,SIN CAPTURA,23/12/2023,,SIN CAPTURA,25/12/2023,,SIN CAPTURA,27/12/2023,,SIN CAPTURA,28/12/2023,,SIN CAPTURA,29/12/2023,,SIN CAPTURA,30/12/2023,,SIN CAPTURA,31/12/2023,,SIN CAPTURA,STD,ALARGADO DE CHASIS Y REFUERZO DE MUELLES,FALSO
MV,PLCS3448,ECATEPEC-379,12/12/2023,CAJA SECA CON COPETE,NP300,3.15,1.87,2.2,1.5,15.02,12,24,09/01/2024,,SIN CAPTURA,2,3,3,1,1,1,1,439,25/12/2023,15/12/2023,A TIEMPO,27/12/2023,,SIN CAPTURA,30/12/2023,,SIN CAPTURA,02/01/2024,,SIN CAPTURA,03/01/2024,,SIN CAPTURA,04/01/2024,,SIN CAPTURA,05/01/2024,,SIN CAPTURA,06/01/2024,,SIN CAPTURA,"AMARRES:
*Riel logístico galvanizado tipo ""E"", 2 por
lado, *Huella de aluminio anti-derrapante en
estribo central trasero y laterales","ALARAGADO DE CHASIS, REFUERZO DE MUELLES Y ALARGADO DE ESPEJOS",FALSO
LF,PLCS3449,ECATEPEC-383,15/12/2023,CAJA SECA CON COPETE,NP300,2.7,1.85,1.7,1,9.54,9,18,06/01/2024,,SIN CAPTURA,1,2,2,1,1,1,1,339,25/12/2023,26/12/2023,RETRASO,26/12/2023,,SIN CAPTURA,28/12/2023,,SIN CAPTURA,30/12/2023,,SIN CAPTURA,31/12/2023,,SIN CAPTURA,01/01/2024,,SIN CAPTURA,02/01/2024,,SIN CAPTURA,03/01/2024,,SIN CAPTURA,STD,STD,FALSO
LF,PLCS3450,ECATEPEC-388,18/12/2023,CAJA SECA CON COPETE,S10,2.5,1.85,1,1,5.24,9,18,09/01/2024,,SIN CAPTURA,1,2,2,1,1,1,1,,28/12/2023,,SIN CAPTURA,29/12/2023,,SIN CAPTURA,31/12/2023,,SIN CAPTURA,02/01/2024,,SIN CAPTURA,03/01/2024,,SIN CAPTURA,04/01/2024,,SIN CAPTURA,05/01/2024,,SIN CAPTURA,06/01/2024,,SIN CAPTURA,STD,STD,FALSO
,,,,,,,,,,0,0,0,POR DEFINIR,,SIN CAPTURA,0,0,0,0,0,0,0,,EN ESPERA,,SIN CAPTURA,EN ESPERA,,SIN CAPTURA,EN ESPERA,,SIN CAPTURA,EN ESPERA,,SIN CAPTURA,EN ESPERA,,SIN CAPTURA,EN ESPERA,,SIN CAPTURA,EN ESPERA,,SIN CAPTURA,EN ESPERA,,SIN CAPTURA,,,FALSO
,,,,,,,,,,0,0,0,POR DEFINIR,,SIN CAPTURA,0,0,0,0,0,0,0,,EN ESPERA,,SIN CAPTURA,EN ESPERA,,SIN CAPTURA,EN ESPERA,,SIN CAPTURA,EN ESPERA,,SIN CAPTURA,EN ESPERA,,SIN CAPTURA,EN ESPERA,,SIN CAPTURA,EN ESPERA,,SIN CAPTURA,EN ESPERA,,SIN CAPTURA,,,FALSO
,,,,,,,,,,0,0,0,POR DEFINIR,,SIN CAPTURA,0,0,0,0,0,0,0,,EN ESPERA,,SIN CAPTURA,EN ESPERA,,SIN CAPTURA,EN ESPERA,,SIN CAPTURA,EN ESPERA,,SIN CAPTURA,EN ESPERA,,SIN CAPTURA,EN ESPERA,,SIN CAPTURA,EN ESPERA,,SIN CAPTURA,EN ESPERA,,SIN CAPTURA,,,FALSO
,,,,,,,,,,0,0,0,POR DEFINIR,,SIN CAPTURA,0,0,0,0,0,0,0,,EN ESPERA,,SIN CAPTURA,EN ESPERA,,SIN CAPTURA,EN ESPERA,,SIN CAPTURA,EN ESPERA,,SIN CAPTURA,EN ESPERA,,SIN CAPTURA,EN ESPERA,,SIN CAPTURA,EN ESPERA,,SIN CAPTURA,EN ESPERA,,SIN CAPTURA,,,FALSO
,,,,,,,,,,0,0,0,POR DEFINIR,,SIN CAPTURA,0,0,0,0,0,0,0,,EN ESPERA,,SIN CAPTURA,EN ESPERA,,SIN CAPTURA,EN ESPERA,,SIN CAPTURA,EN ESPERA,,SIN CAPTURA,EN ESPERA,,SIN CAPTURA,EN ESPERA,,SIN CAPTURA,EN ESPERA,,SIN CAPTURA,EN ESPERA,,SIN CAPTURA,,,FALSO
,,,,,,,,,,0,0,0,POR DEFINIR,,SIN CAPTURA,0,0,0,0,0,0,0,,EN ESPERA,,SIN CAPTURA,EN ESPERA,,SIN CAPTURA,EN ESPERA,,SIN CAPTURA,EN ESPERA,,SIN CAPTURA,EN ESPERA,,SIN CAPTURA,EN ESPERA,,SIN CAPTURA,EN ESPERA,,SIN CAPTURA,EN ESPERA,,SIN CAPTURA,,,FALSO
,,,,,,,,,,0,0,0,POR DEFINIR,,SIN CAPTURA,0,0,0,0,0,0,0,,EN ESPERA,,SIN CAPTURA,EN ESPERA,,SIN CAPTURA,EN ESPERA,,SIN CAPTURA,EN ESPERA,,SIN CAPTURA,EN ESPERA,,SIN CAPTURA,EN ESPERA,,SIN CAPTURA,EN ESPERA,,SIN CAPTURA,EN ESPERA,,SIN CAPTURA,,,FALSO
,,,,,,,,,,0,0,0,POR DEFINIR,,SIN CAPTURA,0,0,0,0,0,0,0,,EN ESPERA,,SIN CAPTURA,EN ESPERA,,SIN CAPTURA,EN ESPERA,,SIN CAPTURA,EN ESPERA,,SIN CAPTURA,EN ESPERA,,SIN CAPTURA,EN ESPERA,,SIN CAPTURA,EN ESPERA,,SIN CAPTURA,EN ESPERA,,SIN CAPTURA,,,FALSO
,,,,,,,,,,0,0,0,POR DEFINIR,,SIN CAPTURA,0,0,0,0,0,0,0,,EN ESPERA,,SIN CAPTURA,EN ESPERA,,SIN CAPTURA,EN ESPERA,,SIN CAPTURA,EN ESPERA,,SIN CAPTURA,EN ESPERA,,SIN CAPTURA,EN ESPERA,,SIN CAPTURA,EN ESPERA,,SIN CAPTURA,EN ESPERA,,SIN CAPTURA,,,FALSO
,,,,,,,,,,0,0,0,POR DEFINIR,,SIN CAPTURA,0,0,0,0,0,0,0,,EN ESPERA,,SIN CAPTURA,EN ESPERA,,SIN CAPTURA,EN ESPERA,,SIN CAPTURA,EN ESPERA,,SIN CAPTURA,EN ESPERA,,SIN CAPTURA,EN ESPERA,,SIN CAPTURA,EN ESPERA,,SIN CAPTURA,EN ESPERA,,SIN CAPTURA,,,FALSO
,,,,,,,,,,0,0,0,POR DEFINIR,,SIN CAPTURA,0,0,0,0,0,0,0,,EN ESPERA,,SIN CAPTURA,EN ESPERA,,SIN CAPTURA,EN ESPERA,,SIN CAPTURA,EN ESPERA,,SIN CAPTURA,EN ESPERA,,SIN CAPTURA,EN ESPERA,,SIN CAPTURA,EN ESPERA,,SIN CAPTURA,EN ESPERA,,SIN CAPTURA,,,FALSO
,,,,,,,,,,0,0,0,POR DEFINIR,,SIN CAPTURA,0,0,0,0,0,0,0,,EN ESPERA,,SIN CAPTURA,EN ESPERA,,SIN CAPTURA,EN ESPERA,,SIN CAPTURA,EN ESPERA,,SIN CAPTURA,EN ESPERA,,SIN CAPTURA,EN ESPERA,,SIN CAPTURA,EN ESPERA,,SIN CAPTURA,EN ESPERA,,SIN CAPTURA,,,FALSO
,,,,,,,,,,0,0,0,POR DEFINIR,,SIN CAPTURA,0,0,0,0,0,0,0,,EN ESPERA,,SIN CAPTURA,EN ESPERA,,SIN CAPTURA,EN ESPERA,,SIN CAPTURA,EN ESPERA,,SIN CAPTURA,EN ESPERA,,SIN CAPTURA,EN ESPERA,,SIN CAPTURA,EN ESPERA,,SIN CAPTURA,EN ESPERA,,SIN CAPTURA,,,FALSO
,,,,,,,,,,0,0,0,POR DEFINIR,,SIN CAPTURA,0,0,0,0,0,0,0,,EN ESPERA,,SIN CAPTURA,EN ESPERA,,SIN CAPTURA,EN ESPERA,,SIN CAPTURA,EN ESPERA,,SIN CAPTURA,EN ESPERA,,SIN CAPTURA,EN ESPERA,,SIN CAPTURA,EN ESPERA,,SIN CAPTURA,EN ESPERA,,SIN CAPTURA,,,FALSO
,,,,,,,,,,0,0,0,POR DEFINIR,,SIN CAPTURA,0,0,0,0,0,0,0,,EN ESPERA,,SIN CAPTURA,EN ESPERA,,SIN CAPTURA,EN ESPERA,,SIN CAPTURA,EN ESPERA,,SIN CAPTURA,EN ESPERA,,SIN CAPTURA,EN ESPERA,,SIN CAPTURA,EN ESPERA,,SIN CAPTURA,EN ESPERA,,SIN CAPTURA,,,FALSO
,,,,,,,,,,0,0,0,POR DEFINIR,,SIN CAPTURA,0,0,0,0,0,0,0,,EN ESPERA,,SIN CAPTURA,EN ESPERA,,SIN CAPTURA,EN ESPERA,,SIN CAPTURA,EN ESPERA,,SIN CAPTURA,EN ESPERA,,SIN CAPTURA,EN ESPERA,,SIN CAPTURA,EN ESPERA,,SIN CAPTURA,EN ESPERA,,SIN CAPTURA,,,FALSO
,,,,,,,,,,0,0,0,POR DEFINIR,,SIN CAPTURA,0,0,0,0,0,0,0,,EN ESPERA,,SIN CAPTURA,EN ESPERA,,SIN CAPTURA,EN ESPERA,,SIN CAPTURA,EN ESPERA,,SIN CAPTURA,EN ESPERA,,SIN CAPTURA,EN ESPERA,,SIN CAPTURA,EN ESPERA,,SIN CAPTURA,EN ESPERA,,SIN CAPTURA,,,FALSO
,,,,,,,,,,0,0,0,POR DEFINIR,,SIN CAPTURA,0,0,0,0,0,0,0,,EN ESPERA,,SIN CAPTURA,EN ESPERA,,SIN CAPTURA,EN ESPERA,,SIN CAPTURA,EN ESPERA,,SIN CAPTURA,EN ESPERA,,SIN CAPTURA,EN ESPERA,,SIN CAPTURA,EN ESPERA,,SIN CAPTURA,EN ESPERA,,SIN CAPTURA,,,FALSO
,,,,,,,,,,0,0,0,POR DEFINIR,,SIN CAPTURA,0,0,0,0,0,0,0,,EN ESPERA,,SIN CAPTURA,EN ESPERA,,SIN CAPTURA,EN ESPERA,,SIN CAPTURA,EN ESPERA,,SIN CAPTURA,EN ESPERA,,SIN CAPTURA,EN ESPERA,,SIN CAPTURA,EN ESPERA,,SIN CAPTURA,EN ESPERA,,SIN CAPTURA,,,FALSO
,,,,,,,,,,0,0,0,POR DEFINIR,,SIN CAPTURA,0,0,0,0,0,0,0,,EN ESPERA,,SIN CAPTURA,EN ESPERA,,SIN CAPTURA,EN ESPERA,,SIN CAPTURA,EN ESPERA,,SIN CAPTURA,EN ESPERA,,SIN CAPTURA,EN ESPERA,,SIN CAPTURA,EN ESPERA,,SIN CAPTURA,EN ESPERA,,SIN CAPTURA,,,FALSO
,,,,,,,,,,0,0,0,POR DEFINIR,,SIN CAPTURA,0,0,0,0,0,0,0,,EN ESPERA,,SIN CAPTURA,EN ESPERA,,SIN CAPTURA,EN ESPERA,,SIN CAPTURA,EN ESPERA,,SIN CAPTURA,EN ESPERA,,SIN CAPTURA,EN ESPERA,,SIN CAPTURA,EN ESPERA,,SIN CAPTURA,EN ESPERA,,SIN CAPTURA,,,FALSO
,,,,,,,,,,0,0,0,POR DEFINIR,,SIN CAPTURA,0,0,0,0,0,0,0,,EN ESPERA,,SIN CAPTURA,EN ESPERA,,SIN CAPTURA,EN ESPERA,,SIN CAPTURA,EN ESPERA,,SIN CAPTURA,EN ESPERA,,SIN CAPTURA,EN ESPERA,,SIN CAPTURA,EN ESPERA,,SIN CAPTURA,EN ESPERA,,SIN CAPTURA,,,FALSO
,,,,,,,,,,0,0,0,POR DEFINIR,,SIN CAPTURA,0,0,0,0,0,0,0,,EN ESPERA,,SIN CAPTURA,EN ESPERA,,SIN CAPTURA,EN ESPERA,,SIN CAPTURA,EN ESPERA,,SIN CAPTURA,EN ESPERA,,SIN CAPTURA,EN ESPERA,,SIN CAPTURA,EN ESPERA,,SIN CAPTURA,EN ESPERA,,SIN CAPTURA,,,FALSO
,,,,,,,,,,0,0,0,POR DEFINIR,,SIN CAPTURA,0,0,0,0,0,0,0,,EN ESPERA,,SIN CAPTURA,EN ESPERA,,SIN CAPTURA,EN ESPERA,,SIN CAPTURA,EN ESPERA,,SIN CAPTURA,EN ESPERA,,SIN CAPTURA,EN ESPERA,,SIN CAPTURA,EN ESPERA,,SIN CAPTURA,EN ESPERA,,SIN CAPTURA,,,FALSO
,,,,,,,,,,0,0,0,POR DEFINIR,,SIN CAPTURA,0,0,0,0,0,0,0,,EN ESPERA,,SIN CAPTURA,EN ESPERA,,SIN CAPTURA,EN ESPERA,,SIN CAPTURA,EN ESPERA,,SIN CAPTURA,EN ESPERA,,SIN CAPTURA,EN ESPERA,,SIN CAPTURA,EN ESPERA,,SIN CAPTURA,EN ESPERA,,SIN CAPTURA,,,FALSO
,,,,,,,,,,0,0,0,POR DEFINIR,,SIN CAPTURA,0,0,0,0,0,0,0,,EN ESPERA,,SIN CAPTURA,EN ESPERA,,SIN CAPTURA,EN ESPERA,,SIN CAPTURA,EN ESPERA,,SIN CAPTURA,EN ESPERA,,SIN CAPTURA,EN ESPERA,,SIN CAPTURA,EN ESPERA,,SIN CAPTURA,EN ESPERA,,SIN CAPTURA,,,FALSO
,,,,,,,,,,0,0,0,POR DEFINIR,,SIN CAPTURA,0,0,0,0,0,0,0,,EN ESPERA,,SIN CAPTURA,EN ESPERA,,SIN CAPTURA,EN ESPERA,,SIN CAPTURA,EN ESPERA,,SIN CAPTURA,EN ESPERA,,SIN CAPTURA,EN ESPERA,,SIN CAPTURA,EN ESPERA,,SIN CAPTURA,EN ESPERA,,SIN CAPTURA,,,FALSO
,,,,,,,,,,0,0,0,POR DEFINIR,,SIN CAPTURA,0,0,0,0,0,0,0,,EN ESPERA,,SIN CAPTURA,EN ESPERA,,SIN CAPTURA,EN ESPERA,,SIN CAPTURA,EN ESPERA,,SIN CAPTURA,EN ESPERA,,SIN CAPTURA,EN ESPERA,,SIN CAPTURA,EN ESPERA,,SIN CAPTURA,EN ESPERA,,SIN CAPTURA,,,FALSO
,,,,,,,,,,0,0,0,POR DEFINIR,,SIN CAPTURA,0,0,0,0,0,0,0,,EN ESPERA,,SIN CAPTURA,EN ESPERA,,SIN CAPTURA,EN ESPERA,,SIN CAPTURA,EN ESPERA,,SIN CAPTURA,EN ESPERA,,SIN CAPTURA,EN ESPERA,,SIN CAPTURA,EN ESPERA,,SIN CAPTURA,EN ESPERA,,SIN CAPTURA,,,FALSO
,,,,,,,,,,0,0,0,POR DEFINIR,,SIN CAPTURA,0,0,0,0,0,0,0,,EN ESPERA,,SIN CAPTURA,EN ESPERA,,SIN CAPTURA,EN ESPERA,,SIN CAPTURA,EN ESPERA,,SIN CAPTURA,EN ESPERA,,SIN CAPTURA,EN ESPERA,,SIN CAPTURA,EN ESPERA,,SIN CAPTURA,EN ESPERA,,SIN CAPTURA,,,FALSO
,,,,,,,,,,0,0,0,POR DEFINIR,,SIN CAPTURA,0,0,0,0,0,0,0,,EN ESPERA,,SIN CAPTURA,EN ESPERA,,SIN CAPTURA,EN ESPERA,,SIN CAPTURA,EN ESPERA,,SIN CAPTURA,EN ESPERA,,SIN CAPTURA,EN ESPERA,,SIN CAPTURA,EN ESPERA,,SIN CAPTURA,EN ESPERA,,SIN CAPTURA,,,FALSO
,,,,,,,,,,0,0,0,POR DEFINIR,,SIN CAPTURA,0,0,0,0,0,0,0,,EN ESPERA,,SIN CAPTURA,EN ESPERA,,SIN CAPTURA,EN ESPERA,,SIN CAPTURA,EN ESPERA,,SIN CAPTURA,EN ESPERA,,SIN CAPTURA,EN ESPERA,,SIN CAPTURA,EN ESPERA,,SIN CAPTURA,EN ESPERA,,SIN CAPTURA,,,FALSO
,,,,,,,,,,0,0,0,POR DEFINIR,,SIN CAPTURA,0,0,0,0,0,0,0,,EN ESPERA,,SIN CAPTURA,EN ESPERA,,SIN CAPTURA,EN ESPERA,,SIN CAPTURA,EN ESPERA,,SIN CAPTURA,EN ESPERA,,SIN CAPTURA,EN ESPERA,,SIN CAPTURA,EN ESPERA,,SIN CAPTURA,EN ESPERA,,SIN CAPTURA,,,FALSO
,,,,,,,,,,0,0,0,POR DEFINIR,,SIN CAPTURA,0,0,0,0,0,0,0,,EN ESPERA,,SIN CAPTURA,EN ESPERA,,SIN CAPTURA,EN ESPERA,,SIN CAPTURA,EN ESPERA,,SIN CAPTURA,EN ESPERA,,SIN CAPTURA,EN ESPERA,,SIN CAPTURA,EN ESPERA,,SIN CAPTURA,EN ESPERA,,SIN CAPTURA,,,FALSO
,,,,,,,,,,0,0,0,POR DEFINIR,,SIN CAPTURA,0,0,0,0,0,0,0,,EN ESPERA,,SIN CAPTURA,EN ESPERA,,SIN CAPTURA,EN ESPERA,,SIN CAPTURA,EN ESPERA,,SIN CAPTURA,EN ESPERA,,SIN CAPTURA,EN ESPERA,,SIN CAPTURA,EN ESPERA,,SIN CAPTURA,EN ESPERA,,SIN CAPTURA,,,FALSO
,,,,,,,,,,0,0,0,POR DEFINIR,,SIN CAPTURA,0,0,0,0,0,0,0,,EN ESPERA,,SIN CAPTURA,EN ESPERA,,SIN CAPTURA,EN ESPERA,,SIN CAPTURA,EN ESPERA,,SIN CAPTURA,EN ESPERA,,SIN CAPTURA,EN ESPERA,,SIN CAPTURA,EN ESPERA,,SIN CAPTURA,EN ESPERA,,SIN CAPTURA,,,FALSO
,,,,,,,,,,0,0,0,POR DEFINIR,,SIN CAPTURA,0,0,0,0,0,0,0,,EN ESPERA,,SIN CAPTURA,EN ESPERA,,SIN CAPTURA,EN ESPERA,,SIN CAPTURA,EN ESPERA,,SIN CAPTURA,EN ESPERA,,SIN CAPTURA,EN ESPERA,,SIN CAPTURA,EN ESPERA,,SIN CAPTURA,EN ESPERA,,SIN CAPTURA,,,FALSO
,,,,,,,,,,0,0,0,POR DEFINIR,,SIN CAPTURA,0,0,0,0,0,0,0,,EN ESPERA,,SIN CAPTURA,EN ESPERA,,SIN CAPTURA,EN ESPERA,,SIN CAPTURA,EN ESPERA,,SIN CAPTURA,EN ESPERA,,SIN CAPTURA,EN ESPERA,,SIN CAPTURA,EN ESPERA,,SIN CAPTURA,EN ESPERA,,SIN CAPTURA,,,FALSO
,,,,,,,,,,0,0,0,POR DEFINIR,,SIN CAPTURA,0,0,0,0,0,0,0,,EN ESPERA,,SIN CAPTURA,EN ESPERA,,SIN CAPTURA,EN ESPERA,,SIN CAPTURA,EN ESPERA,,SIN CAPTURA,EN ESPERA,,SIN CAPTURA,EN ESPERA,,SIN CAPTURA,EN ESPERA,,SIN CAPTURA,EN ESPERA,,SIN CAPTURA,,,FALSO
,,,,,,,,,,0,0,0,POR DEFINIR,,SIN CAPTURA,0,0,0,0,0,0,0,,EN ESPERA,,SIN CAPTURA,EN ESPERA,,SIN CAPTURA,EN ESPERA,,SIN CAPTURA,EN ESPERA,,SIN CAPTURA,EN ESPERA,,SIN CAPTURA,EN ESPERA,,SIN CAPTURA,EN ESPERA,,SIN CAPTURA,EN ESPERA,,SIN CAPTURA,,,FALSO
,,,,,,,,,,0,0,0,POR DEFINIR,,SIN CAPTURA,0,0,0,0,0,0,0,,EN ESPERA,,SIN CAPTURA,EN ESPERA,,SIN CAPTURA,EN ESPERA,,SIN CAPTURA,EN ESPERA,,SIN CAPTURA,EN ESPERA,,SIN CAPTURA,EN ESPERA,,SIN CAPTURA,EN ESPERA,,SIN CAPTURA,EN ESPERA,,SIN CAPTURA,,,FALSO
,,,,,,,,,,0,0,0,POR DEFINIR,,SIN CAPTURA,0,0,0,0,0,0,0,,EN ESPERA,,SIN CAPTURA,EN ESPERA,,SIN CAPTURA,EN ESPERA,,SIN CAPTURA,EN ESPERA,,SIN CAPTURA,EN ESPERA,,SIN CAPTURA,EN ESPERA,,SIN CAPTURA,EN ESPERA,,SIN CAPTURA,EN ESPERA,,SIN CAPTURA,,,FALSO
,,,,,,,,,,0,0,0,POR DEFINIR,,SIN CAPTURA,0,0,0,0,0,0,0,,EN ESPERA,,SIN CAPTURA,EN ESPERA,,SIN CAPTURA,EN ESPERA,,SIN CAPTURA,EN ESPERA,,SIN CAPTURA,EN ESPERA,,SIN CAPTURA,EN ESPERA,,SIN CAPTURA,EN ESPERA,,SIN CAPTURA,EN ESPERA,,SIN CAPTURA,,,FALSO
,,,,,,,,,,0,0,0,POR DEFINIR,,SIN CAPTURA,0,0,0,0,0,0,0,,EN ESPERA,,SIN CAPTURA,EN ESPERA,,SIN CAPTURA,EN ESPERA,,SIN CAPTURA,EN ESPERA,,SIN CAPTURA,EN ESPERA,,SIN CAPTURA,EN ESPERA,,SIN CAPTURA,EN ESPERA,,SIN CAPTURA,EN ESPERA,,SIN CAPTURA,,,FALSO
,,,,,,,,,,0,0,0,POR DEFINIR,,SIN CAPTURA,0,0,0,0,0,0,0,,EN ESPERA,,SIN CAPTURA,EN ESPERA,,SIN CAPTURA,EN ESPERA,,SIN CAPTURA,EN ESPERA,,SIN CAPTURA,EN ESPERA,,SIN CAPTURA,EN ESPERA,,SIN CAPTURA,EN ESPERA,,SIN CAPTURA,EN ESPERA,,SIN CAPTURA,,,FALSO
,,,,,,,,,,0,0,0,POR DEFINIR,,SIN CAPTURA,0,0,0,0,0,0,0,,EN ESPERA,,SIN CAPTURA,EN ESPERA,,SIN CAPTURA,EN ESPERA,,SIN CAPTURA,EN ESPERA,,SIN CAPTURA,EN ESPERA,,SIN CAPTURA,EN ESPERA,,SIN CAPTURA,EN ESPERA,,SIN CAPTURA,EN ESPERA,,SIN CAPTURA,,,FALSO
,,,,,,,,,,0,0,0,POR DEFINIR,,SIN CAPTURA,0,0,0,0,0,0,0,,EN ESPERA,,SIN CAPTURA,EN ESPERA,,SIN CAPTURA,EN ESPERA,,SIN CAPTURA,EN ESPERA,,SIN CAPTURA,EN ESPERA,,SIN CAPTURA,EN ESPERA,,SIN CAPTURA,EN ESPERA,,SIN CAPTURA,EN ESPERA,,SIN CAPTURA,,,FALSO
,,,,,,,,,,0,0,0,POR DEFINIR,,SIN CAPTURA,0,0,0,0,0,0,0,,EN ESPERA,,SIN CAPTURA,EN ESPERA,,SIN CAPTURA,EN ESPERA,,SIN CAPTURA,EN ESPERA,,SIN CAPTURA,EN ESPERA,,SIN CAPTURA,EN ESPERA,,SIN CAPTURA,EN ESPERA,,SIN CAPTURA,EN ESPERA,,SIN CAPTURA,,,FALSO
,,,,,,,,,,0,0,0,POR DEFINIR,,SIN CAPTURA,0,0,0,0,0,0,0,,EN ESPERA,,SIN CAPTURA,EN ESPERA,,SIN CAPTURA,EN ESPERA,,SIN CAPTURA,EN ESPERA,,SIN CAPTURA,EN ESPERA,,SIN CAPTURA,EN ESPERA,,SIN CAPTURA,EN ESPERA,,SIN CAPTURA,EN ESPERA,,SIN CAPTURA,,,FALSO
,,,,,,,,,,0,0,0,POR DEFINIR,,SIN CAPTURA,0,0,0,0,0,0,0,,EN ESPERA,,SIN CAPTURA,EN ESPERA,,SIN CAPTURA,EN ESPERA,,SIN CAPTURA,EN ESPERA,,SIN CAPTURA,EN ESPERA,,SIN CAPTURA,EN ESPERA,,SIN CAPTURA,EN ESPERA,,SIN CAPTURA,EN ESPERA,,SIN CAPTURA,,,FALSO
,,,,,,,,,,0,0,0,POR DEFINIR,,SIN CAPTURA,0,0,0,0,0,0,0,,EN ESPERA,,SIN CAPTURA,EN ESPERA,,SIN CAPTURA,EN ESPERA,,SIN CAPTURA,EN ESPERA,,SIN CAPTURA,EN ESPERA,,SIN CAPTURA,EN ESPERA,,SIN CAPTURA,EN ESPERA,,SIN CAPTURA,EN ESPERA,,SIN CAPTURA,,,FALSO
,,,,,,,,,,0,0,0,POR DEFINIR,,SIN CAPTURA,0,0,0,0,0,0,0,,EN ESPERA,,SIN CAPTURA,EN ESPERA,,SIN CAPTURA,EN ESPERA,,SIN CAPTURA,EN ESPERA,,SIN CAPTURA,EN ESPERA,,SIN CAPTURA,EN ESPERA,,SIN CAPTURA,EN ESPERA,,SIN CAPTURA,EN ESPERA,,SIN CAPTURA,,,FALSO
,,,,,,,,,,0,0,0,POR DEFINIR,,SIN CAPTURA,0,0,0,0,0,0,0,,EN ESPERA,,SIN CAPTURA,EN ESPERA,,SIN CAPTURA,EN ESPERA,,SIN CAPTURA,EN ESPERA,,SIN CAPTURA,EN ESPERA,,SIN CAPTURA,EN ESPERA,,SIN CAPTURA,EN ESPERA,,SIN CAPTURA,EN ESPERA,,SIN CAPTURA,,,FALSO
,,,,,,,,,,0,0,0,POR DEFINIR,,SIN CAPTURA,0,0,0,0,0,0,0,,EN ESPERA,,SIN CAPTURA,EN ESPERA,,SIN CAPTURA,EN ESPERA,,SIN CAPTURA,EN ESPERA,,SIN CAPTURA,EN ESPERA,,SIN CAPTURA,EN ESPERA,,SIN CAPTURA,EN ESPERA,,SIN CAPTURA,EN ESPERA,,SIN CAPTURA,,,FALSO
,,,,,,,,,,0,0,0,POR DEFINIR,,SIN CAPTURA,0,0,0,0,0,0,0,,EN ESPERA,,SIN CAPTURA,EN ESPERA,,SIN CAPTURA,EN ESPERA,,SIN CAPTURA,EN ESPERA,,SIN CAPTURA,EN ESPERA,,SIN CAPTURA,EN ESPERA,,SIN CAPTURA,EN ESPERA,,SIN CAPTURA,EN ESPERA,,SIN CAPTURA,,,FALSO
,,,,,,,,,,0,0,0,POR DEFINIR,,SIN CAPTURA,0,0,0,0,0,0,0,,EN ESPERA,,SIN CAPTURA,EN ESPERA,,SIN CAPTURA,EN ESPERA,,SIN CAPTURA,EN ESPERA,,SIN CAPTURA,EN ESPERA,,SIN CAPTURA,EN ESPERA,,SIN CAPTURA,EN ESPERA,,SIN CAPTURA,EN ESPERA,,SIN CAPTURA,,,FALSO
,,,,,,,,,,0,0,0,POR DEFINIR,,SIN CAPTURA,0,0,0,0,0,0,0,,EN ESPERA,,SIN CAPTURA,EN ESPERA,,SIN CAPTURA,EN ESPERA,,SIN CAPTURA,EN ESPERA,,SIN CAPTURA,EN ESPERA,,SIN CAPTURA,EN ESPERA,,SIN CAPTURA,EN ESPERA,,SIN CAPTURA,EN ESPERA,,SIN CAPTURA,,,FALSO
